crops,strucpro,geo,TIME_PERIOD,OBS_VALUE
C0000,AR,AL,2000,178.2
C0000,AR,AL,2001,165.8
C0000,AR,AL,2002,157.6
C0000,AR,AL,2003,153.3
C0000,AR,AL,2004,143.9
C0000,AR,AL,2005,147.7
C0000,AR,AL,2006,143.1
C0000,AR,AL,2007,132.3
C0000,AR,AL,2008,149.1
C0000,AR,AL,2009,146.2
C0000,AR,AL,2011,147.6
C0000,AR,AL,2012,143.0
C0000,AR,AL,2014,143.1
C0000,AR,AL,2015,142.6
C0000,AR,AL,2016,148.0
C0000,AR,AL,2018,140.1
C0000,AR,AL,2019,132.2
C0000,AR,AL,2020,131.26
C0000,AR,AL,2021,134.3
C0000,AR,AL,2022,132.8
C0000,AR,AL,2023,135.7
C0000,AR,AT,2000,829.9
C0000,AR,AT,2001,824.3
C0000,AR,AT,2002,814.1
C0000,AR,AT,2003,809.8
C0000,AR,AT,2004,815.8
C0000,AR,AT,2005,796.1
C0000,AR,AT,2006,776.8
C0000,AR,AT,2007,811.2
C0000,AR,AT,2008,841.0
C0000,AR,AT,2009,835.1
C0000,AR,AT,2010,811.79
C0000,AR,AT,2011,807.27
C0000,AR,AT,2012,811.51
C0000,AR,AT,2013,784.0
C0000,AR,AT,2014,809.11
C0000,AR,AT,2015,780.7
C0000,AR,AT,2016,784.31
C0000,AR,AT,2017,776.18
C0000,AR,AT,2018,778.94
C0000,AR,AT,2019,776.4
C0000,AR,AT,2020,764.87
C0000,AR,AT,2021,747.46
C0000,AR,AT,2022,754.95
C0000,AR,AT,2023,742.45
C0000,AR,AT,2024,723.69
C0000,AR,BA,2000,366.12
C0000,AR,BA,2001,363.67
C0000,AR,BA,2002,344.86
C0000,AR,BA,2003,317.76
C0000,AR,BA,2004,327.03
C0000,AR,BA,2005,319.88
C0000,AR,BA,2006,313.63
C0000,AR,BA,2007,324.05
C0000,AR,BA,2008,323.34
C0000,AR,BA,2009,311.21
C0000,AR,BA,2010,293.1
C0000,AR,BA,2011,303.05
C0000,AR,BA,2012,305.06
C0000,AR,BA,2013,304.9
C0000,AR,BA,2014,290.08
C0000,AR,BA,2015,301.57
C0000,AR,BA,2016,313.59
C0000,AR,BA,2017,313.98
C0000,AR,BA,2018,317.78
C0000,AR,BA,2019,311.24
C0000,AR,BA,2020,321.32
C0000,AR,BA,2021,317.64
C0000,AR,BA,2022,199.28
C0000,AR,BA,2023,191.35
C0000,AR,BE,2000,277.1
C0000,AR,BE,2001,246.8
C0000,AR,BE,2002,264.3
C0000,AR,BE,2003,255.4
C0000,AR,BE,2004,266.3
C0000,AR,BE,2005,268.2
C0000,AR,BE,2006,272.7
C0000,AR,BE,2007,272.1
C0000,AR,BE,2008,291.4
C0000,AR,BE,2009,345.0
C0000,AR,BE,2010,242.96
C0000,AR,BE,2011,327.68
C0000,AR,BE,2012,341.8
C0000,AR,BE,2013,337.9
C0000,AR,BE,2014,333.58
C0000,AR,BE,2015,341.64
C0000,AR,BE,2016,337.01
C0000,AR,BE,2017,305.44
C0000,AR,BE,2018,304.52
C0000,AR,BE,2019,313.11
C0000,AR,BE,2020,304.34
C0000,AR,BE,2021,310.2
C0000,AR,BE,2022,323.07
C0000,AR,BE,2023,321.19
C0000,AR,BG,2000,2003.6
C0000,AR,BG,2001,2087.6
C0000,AR,BG,2002,2135.8
C0000,AR,BG,2003,1608.4
C0000,AR,BG,2004,1830.0
C0000,AR,BG,2005,1724.0
C0000,AR,BG,2006,1548.4
C0000,AR,BG,2007,1533.2
C0000,AR,BG,2008,1713.5
C0000,AR,BG,2009,1829.0
C0000,AR,BG,2010,1770.32
C0000,AR,BG,2011,1768.7
C0000,AR,BG,2012,1903.2
C0000,AR,BG,2013,2006.99
C0000,AR,BG,2014,1960.7
C0000,AR,BG,2015,1835.77
C0000,AR,BG,2016,1816.64
C0000,AR,BG,2017,1729.27
C0000,AR,BG,2018,1817.78
C0000,AR,BG,2019,1927.57
C0000,AR,BG,2020,1966.04
C0000,AR,BG,2021,1956.33
C0000,AR,BG,2022,1900.65
C0000,AR,BG,2023,1977.8
C0000,AR,CH,2006,161.9
C0000,AR,CH,2007,157.6
C0000,AR,CH,2008,153.3
C0000,AR,CH,2009,152.8
C0000,AR,CH,2010,151.51
C0000,AR,CH,2011,145.27
C0000,AR,CH,2012,146.42
C0000,AR,CH,2016,144.1
C0000,AR,CH,2017,143.32
C0000,AR,CH,2018,141.73
C0000,AR,CH,2019,141.45
C0000,AR,CH,2020,144.54
C0000,AR,CH,2021,141.68
C0000,AR,CH,2022,141.95
C0000,AR,CH,2023,141.33
C0000,AR,CH,2024,137.42
C0000,AR,CY,2000,51.5
C0000,AR,CY,2001,56.0
C0000,AR,CY,2002,57.6
C0000,AR,CY,2003,72.75
C0000,AR,CY,2004,66.4
C0000,AR,CY,2005,62.15
C0000,AR,CY,2006,59.22
C0000,AR,CY,2007,43.56
C0000,AR,CY,2008,38.7
C0000,AR,CY,2009,31.16
C0000,AR,CY,2010,32.89
C0000,AR,CY,2011,35.92
C0000,AR,CY,2012,37.82
C0000,AR,CY,2013,30.76
C0000,AR,CY,2014,25.3
C0000,AR,CY,2015,32.85
C0000,AR,CY,2016,23.8
C0000,AR,CY,2017,20.22
C0000,AR,CY,2018,24.01
C0000,AR,CY,2019,23.07
C0000,AR,CY,2020,26.52
C0000,AR,CY,2021,26.15
C0000,AR,CY,2022,24.58
C0000,AR,CY,2023,23.4
C0000,AR,CY,2024,24.28
C0000,AR,CZ,2000,1650.1
C0000,AR,CZ,2001,1623.6
C0000,AR,CZ,2002,1562.12
C0000,AR,CZ,2003,1459.7
C0000,AR,CZ,2004,1609.4
C0000,AR,CZ,2005,1611.6
C0000,AR,CZ,2006,1532.0
C0000,AR,CZ,2007,1579.8
C0000,AR,CZ,2008,1558.6
C0000,AR,CZ,2009,1541.7
C0000,AR,CZ,2010,1462.84
C0000,AR,CZ,2011,1479.48
C0000,AR,CZ,2012,1454.44
C0000,AR,CZ,2013,1413.14
C0000,AR,CZ,2014,1409.61
C0000,AR,CZ,2015,1389.83
C0000,AR,CZ,2016,1359.01
C0000,AR,CZ,2017,1354.68
C0000,AR,CZ,2018,1338.78
C0000,AR,CZ,2019,1352.53
C0000,AR,CZ,2020,1344.88
C0000,AR,CZ,2021,1345.84
C0000,AR,CZ,2022,1386.01
C0000,AR,CZ,2023,1317.2
C0000,AR,CZ,2024,1295.62
C0000,AR,DE,2000,7015.7
C0000,AR,DE,2001,7045.7
C0000,AR,DE,2002,6941.0
C0000,AR,DE,2003,6839.4
C0000,AR,DE,2004,6946.9
C0000,AR,DE,2005,6839.0
C0000,AR,DE,2006,6702.2
C0000,AR,DE,2007,6571.7
C0000,AR,DE,2008,7038.5
C0000,AR,DE,2009,6908.4
C0000,AR,DE,2010,6595.45
C0000,AR,DE,2011,6500.6
C0000,AR,DE,2012,6527.3
C0000,AR,DE,2013,6533.7
C0000,AR,DE,2014,6468.6
C0000,AR,DE,2015,6529.2
C0000,AR,DE,2016,6325.0
C0000,AR,DE,2017,6276.2
C0000,AR,DE,2018,6148.9
C0000,AR,DE,2019,6380.0
C0000,AR,DE,2020,6074.9
C0000,AR,DE,2021,6063.5
C0000,AR,DE,2022,6112.5
C0000,AR,DE,2023,6076.2
C0000,AR,DK,2000,1499.7
C0000,AR,DK,2001,1538.1
C0000,AR,DK,2002,1527.8
C0000,AR,DK,2003,1484.6
C0000,AR,DK,2004,1490.5
C0000,AR,DK,2005,1508.5
C0000,AR,DK,2006,1494.0
C0000,AR,DK,2007,1448.3
C0000,AR,DK,2008,1503.3
C0000,AR,DK,2009,1487.7
C0000,AR,DK,2010,1484.4
C0000,AR,DK,2011,1491.4
C0000,AR,DK,2012,1495.5
C0000,AR,DK,2013,1426.1
C0000,AR,DK,2014,1442.7
C0000,AR,DK,2015,1454.4
C0000,AR,DK,2016,1464.8
C0000,AR,DK,2017,1442.7
C0000,AR,DK,2018,1416.3
C0000,AR,DK,2019,1373.7
C0000,AR,DK,2020,1367.0
C0000,AR,DK,2021,1359.7
C0000,AR,DK,2022,1307.1
C0000,AR,DK,2023,1234.53
C0000,AR,DK,2024,1313.34
C0000,AR,EE,2000,328.8
C0000,AR,EE,2001,274.1
C0000,AR,EE,2002,259.2
C0000,AR,EE,2003,263.2
C0000,AR,EE,2004,260.8
C0000,AR,EE,2005,281.9
C0000,AR,EE,2006,280.1
C0000,AR,EE,2007,292.1
C0000,AR,EE,2008,309.1
C0000,AR,EE,2009,316.3
C0000,AR,EE,2010,275.3
C0000,AR,EE,2011,297.0
C0000,AR,EE,2012,290.5
C0000,AR,EE,2013,311.1
C0000,AR,EE,2014,332.9
C0000,AR,EE,2015,350.4
C0000,AR,EE,2016,351.4
C0000,AR,EE,2017,330.68
C0000,AR,EE,2018,350.43
C0000,AR,EE,2019,364.36
C0000,AR,EE,2020,370.12
C0000,AR,EE,2021,367.12
C0000,AR,EE,2022,361.82
C0000,AR,EE,2023,352.15
C0000,AR,EL,2000,1221.36
C0000,AR,EL,2001,1374.4
C0000,AR,EL,2002,1304.68
C0000,AR,EL,2003,1284.74
C0000,AR,EL,2004,1263.68
C0000,AR,EL,2005,1286.49
C0000,AR,EL,2006,1066.68
C0000,AR,EL,2007,1106.17
C0000,AR,EL,2008,1135.17
C0000,AR,EL,2009,1261.3
C0000,AR,EL,2010,1065.76
C0000,AR,EL,2011,963.89
C0000,AR,EL,2012,982.93
C0000,AR,EL,2013,1034.84
C0000,AR,EL,2014,1034.29
C0000,AR,EL,2015,959.01
C0000,AR,EL,2016,987.95
C0000,AR,EL,2017,839.17
C0000,AR,EL,2018,787.98
C0000,AR,EL,2019,728.14
C0000,AR,EL,2020,739.88
C0000,AR,EL,2021,770.9
C0000,AR,EL,2022,773.27
C0000,AR,EL,2023,564.92
C0000,AR,EL,2024,580.53
C0000,AR,ES,2000,6806.7
C0000,AR,ES,2001,6427.5
C0000,AR,ES,2002,6729.0
C0000,AR,ES,2003,6626.9
C0000,AR,ES,2004,6602.7
C0000,AR,ES,2005,6598.0
C0000,AR,ES,2006,6304.6
C0000,AR,ES,2007,6244.3
C0000,AR,ES,2008,6740.1
C0000,AR,ES,2009,6073.3
C0000,AR,ES,2010,6039.89
C0000,AR,ES,2011,5985.49
C0000,AR,ES,2012,6169.89
C0000,AR,ES,2013,6268.03
C0000,AR,ES,2014,6313.11
C0000,AR,ES,2015,6195.86
C0000,AR,ES,2016,6239.8
C0000,AR,ES,2017,6015.23
C0000,AR,ES,2018,6027.61
C0000,AR,ES,2019,5975.71
C0000,AR,ES,2020,6069.24
C0000,AR,ES,2021,6034.58
C0000,AR,ES,2022,5832.99
C0000,AR,ES,2023,5453.27
C0000,AR,ES,2024,5565.83
C0000,AR,EU,2000,37698.14
C0000,AR,EU,2001,36906.95
C0000,AR,EU,2002,37824.61
C0000,AR,EU,2003,36803.78
C0000,AR,EU,2004,53055.26
C0000,AR,EU,2005,52048.12
C0000,AR,EU,2006,50743.66
C0000,AR,EU,2007,57455.22
C0000,AR,EU,2008,60624.88
C0000,AR,EU,2009,58935.04
C0000,AR,EU,2011,56051.41
C0000,AR,EU,2012,57505.27
C0000,AR,EU,2013,57423.36
C0000,AR,EU,2015,57571.74
C0000,AR,EU,2016,57220.53
C0000,AR,EU,2017,55620.91
C0000,AR,EU,2018,55437.02
C0000,AR,EU,2019,56870.56
C0000,AR,EU,2020,52253.08
C0000,AR,EU,2021,52536.64
C0000,AR,EU,2022,51474.18
C0000,AR,EU,2023,50690.58
C0000,AR,EU27_2020,2000,58518.38
C0000,AR,EU27_2020,2001,59048.94
C0000,AR,EU27_2020,2002,58710.57
C0000,AR,EU27_2020,2003,56492.94
C0000,AR,EU27_2020,2004,58586.6
C0000,AR,EU27_2020,2005,57261.88
C0000,AR,EU27_2020,2006,55101.08
C0000,AR,EU27_2020,2007,55123.02
C0000,AR,EU27_2020,2008,57908.33
C0000,AR,EU27_2020,2009,56418.6
C0000,AR,EU27_2020,2011,53506.63
C0000,AR,EU27_2020,2012,54936.38
C0000,AR,EU27_2020,2013,54958.77
C0000,AR,EU27_2020,2014,55089.61
C0000,AR,EU27_2020,2015,54472.74
C0000,AR,EU27_2020,2016,54092.53
C0000,AR,EU27_2020,2017,52439.91
C0000,AR,EU27_2020,2018,52331.22
C0000,AR,EU27_2020,2019,53659.7
C0000,AR,EU27_2020,2020,52253.08
C0000,AR,EU27_2020,2021,52536.64
C0000,AR,EU27_2020,2022,51474.18
C0000,AR,EU27_2020,2023,50690.58
C0000,AR,EU28,2000,61866.48
C0000,AR,EU28,2001,62062.44
C0000,AR,EU28,2002,61955.57
C0000,AR,EU28,2003,59549.54
C0000,AR,EU28,2004,61716.6
C0000,AR,EU28,2005,60181.08
C0000,AR,EU28,2006,57964.98
C0000,AR,EU28,2007,58008.22
C0000,AR,EU28,2008,61182.63
C0000,AR,EU28,2009,59494.6
C0000,AR,EU28,2011,56581.63
C0000,AR,EU28,2012,58078.38
C0000,AR,EU28,2013,57993.4
C0000,AR,EU28,2015,57571.74
C0000,AR,EU28,2016,57220.53
C0000,AR,EU28,2017,55620.91
C0000,AR,EU28,2018,55437.02
C0000,AR,EU28,2019,56870.56
C0000,AR,FI,2000,1166.7
C0000,AR,FI,2001,1156.0
C0000,AR,FI,2002,1190.4
C0000,AR,FI,2003,1191.9
C0000,AR,FI,2004,1221.2
C0000,AR,FI,2005,1187.5
C0000,AR,FI,2006,1152.6
C0000,AR,FI,2007,1168.4
C0000,AR,FI,2008,1251.3
C0000,AR,FI,2009,1203.1
C0000,AR,FI,2010,951.5
C0000,AR,FI,2011,1042.3
C0000,AR,FI,2012,1036.3
C0000,AR,FI,2013,1099.7
C0000,AR,FI,2014,1119.0
C0000,AR,FI,2015,1017.3
C0000,AR,FI,2016,998.1
C0000,AR,FI,2017,864.53
C0000,AR,FI,2018,906.8
C0000,AR,FI,2019,946.5
C0000,AR,FI,2020,951.5
C0000,AR,FI,2021,953.82
C0000,AR,FI,2022,952.25
C0000,AR,FI,2023,908.13
C0000,AR,FI,2024,907.93
C0000,AR,FR,2000,9074.8
C0000,AR,FR,2001,8936.3
C0000,AR,FR,2002,9328.1
C0000,AR,FR,2003,8951.6
C0000,AR,FR,2004,9349.1
C0000,AR,FR,2005,9175.8
C0000,AR,FR,2006,9048.1
C0000,AR,FR,2007,9089.5
C0000,AR,FR,2008,9662.2
C0000,AR,FR,2009,9381.2
C0000,AR,FR,2010,9234.67
C0000,AR,FR,2011,9200.94
C0000,AR,FR,2012,9377.68
C0000,AR,FR,2013,9476.27
C0000,AR,FR,2014,9563.41
C0000,AR,FR,2015,9584.58
C0000,AR,FR,2016,9529.98
C0000,AR,FR,2017,9339.87
C0000,AR,FR,2018,9055.31
C0000,AR,FR,2019,9394.03
C0000,AR,FR,2020,8926.69
C0000,AR,FR,2021,9325.7
C0000,AR,FR,2022,9005.01
C0000,AR,FR,2023,8767.12
C0000,AR,FR,2024,8546.49
C0000,AR,HR,2000,561.55
C0000,AR,HR,2001,582.84
C0000,AR,HR,2002,577.65
C0000,AR,HR,2003,557.89
C0000,AR,HR,2004,565.95
C0000,AR,HR,2005,543.19
C0000,AR,HR,2006,558.05
C0000,AR,HR,2007,553.0
C0000,AR,HR,2008,557.75
C0000,AR,HR,2009,559.56
C0000,AR,HR,2010,550.67
C0000,AR,HR,2011,530.22
C0000,AR,HR,2012,573.11
C0000,AR,HR,2013,570.04
C0000,AR,HR,2014,478.52
C0000,AR,HR,2015,475.64
C0000,AR,HR,2016,528.47
C0000,AR,HR,2017,461.48
C0000,AR,HR,2018,459.7
C0000,AR,HR,2019,490.88
C0000,AR,HR,2020,535.76
C0000,AR,HR,2021,519.78
C0000,AR,HR,2022,519.28
C0000,AR,HR,2023,531.3
C0000,AR,HU,2000,2763.7
C0000,AR,HU,2001,3081.4
C0000,AR,HU,2002,2954.3
C0000,AR,HU,2003,2885.8
C0000,AR,HU,2004,3001.7
C0000,AR,HU,2005,2933.5
C0000,AR,HU,2006,2838.2
C0000,AR,HU,2007,2765.0
C0000,AR,HU,2008,2908.2
C0000,AR,HU,2009,2882.1
C0000,AR,HU,2010,2594.88
C0000,AR,HU,2011,2677.51
C0000,AR,HU,2012,2757.93
C0000,AR,HU,2013,2819.94
C0000,AR,HU,2014,2817.27
C0000,AR,HU,2015,2697.7
C0000,AR,HU,2016,2566.76
C0000,AR,HU,2017,2403.18
C0000,AR,HU,2018,2367.96
C0000,AR,HU,2019,2458.45
C0000,AR,HU,2020,2337.65
C0000,AR,HU,2021,2361.64
C0000,AR,HU,2022,2247.1
C0000,AR,HU,2023,2408.61
C0000,AR,HU,2024,2290.93
C0000,AR,IE,2000,277.1
C0000,AR,IE,2001,283.7
C0000,AR,IE,2002,297.5
C0000,AR,IE,2003,299.85
C0000,AR,IE,2004,306.35
C0000,AR,IE,2005,276.46
C0000,AR,IE,2006,274.86
C0000,AR,IE,2007,273.07
C0000,AR,IE,2008,320.74
C0000,AR,IE,2009,298.47
C0000,AR,IE,2010,272.33
C0000,AR,IE,2011,296.18
C0000,AR,IE,2012,314.48
C0000,AR,IE,2013,306.7
C0000,AR,IE,2014,305.89
C0000,AR,IE,2015,291.56
C0000,AR,IE,2016,280.34
C0000,AR,IE,2017,271.68
C0000,AR,IE,2018,260.97
C0000,AR,IE,2019,266.66
C0000,AR,IE,2020,265.63
C0000,AR,IE,2021,274.66
C0000,AR,IE,2022,285.66
C0000,AR,IE,2023,268.91
C0000,AR,IE,2024,259.67
C0000,AR,IS,2011,4.2
C0000,AR,IS,2012,4.2
C0000,AR,IS,2015,2.0
C0000,AR,IS,2016,2.0
C0000,AR,IS,2017,2.0
C0000,AR,IS,2018,1.5
C0000,AR,IS,2019,2.0
C0000,AR,IS,2020,2.8
C0000,AR,IS,2021,2.6
C0000,AR,IS,2022,3.16
C0000,AR,IS,2023,3.16
C0000,AR,IT,2000,4133.5
C0000,AR,IT,2001,4133.2
C0000,AR,IT,2002,4284.4
C0000,AR,IT,2003,4147.0
C0000,AR,IT,2004,4278.8
C0000,AR,IT,2005,3999.0
C0000,AR,IT,2006,3801.0
C0000,AR,IT,2007,3933.3
C0000,AR,IT,2008,4038.5
C0000,AR,IT,2009,3453.7
C0000,AR,IT,2010,4305.85
C0000,AR,IT,2011,3145.94
C0000,AR,IT,2012,3577.76
C0000,AR,IT,2013,3459.87
C0000,AR,IT,2014,3392.95
C0000,AR,IT,2015,3191.48
C0000,AR,IT,2016,3256.99
C0000,AR,IT,2017,3140.58
C0000,AR,IT,2018,3092.69
C0000,AR,IT,2019,3066.52
C0000,AR,IT,2020,3011.73
C0000,AR,IT,2021,2978.39
C0000,AR,IT,2022,3010.64
C0000,AR,IT,2023,3061.16
C0000,AR,IT,2024,2879.68
C0000,AR,LT,2000,979.6
C0000,AR,LT,2001,935.9
C0000,AR,LT,2002,918.0
C0000,AR,LT,2003,864.6
C0000,AR,LT,2004,878.5
C0000,AR,LT,2005,956.1
C0000,AR,LT,2006,962.9
C0000,AR,LT,2007,1003.3
C0000,AR,LT,2008,1022.0
C0000,AR,LT,2009,1103.5
C0000,AR,LT,2010,1012.0
C0000,AR,LT,2011,1064.7
C0000,AR,LT,2012,1159.7
C0000,AR,LT,2013,1213.4
C0000,AR,LT,2014,1288.8
C0000,AR,LT,2015,1329.12
C0000,AR,LT,2016,1326.7
C0000,AR,LT,2017,1199.51
C0000,AR,LT,2018,1257.23
C0000,AR,LT,2019,1349.57
C0000,AR,LT,2020,1382.43
C0000,AR,LT,2021,1356.51
C0000,AR,LT,2022,1335.72
C0000,AR,LT,2023,1338.39
C0000,AR,LT,2024,1379.2
C0000,AR,LU,2000,28.6
C0000,AR,LU,2001,28.0
C0000,AR,LU,2002,29.4
C0000,AR,LU,2003,28.9
C0000,AR,LU,2004,27.9
C0000,AR,LU,2005,28.5
C0000,AR,LU,2006,28.8
C0000,AR,LU,2007,28.5
C0000,AR,LU,2008,31.1
C0000,AR,LU,2009,30.4
C0000,AR,LU,2010,29.71
C0000,AR,LU,2011,28.79
C0000,AR,LU,2012,27.84
C0000,AR,LU,2013,29.07
C0000,AR,LU,2014,28.4
C0000,AR,LU,2015,29.29
C0000,AR,LU,2016,27.86
C0000,AR,LU,2017,27.96
C0000,AR,LU,2018,26.31
C0000,AR,LU,2019,27.39
C0000,AR,LU,2020,25.48
C0000,AR,LU,2021,26.3
C0000,AR,LU,2022,27.74
C0000,AR,LU,2023,26.72
C0000,AR,LV,2000,420.0
C0000,AR,LV,2001,443.7
C0000,AR,LV,2002,415.0
C0000,AR,LV,2003,428.5
C0000,AR,LV,2004,436.7
C0000,AR,LV,2005,468.9
C0000,AR,LV,2006,511.8
C0000,AR,LV,2007,521.9
C0000,AR,LV,2008,544.2
C0000,AR,LV,2009,540.8
C0000,AR,LV,2010,
C0000,AR,LV,2011,515.7
C0000,AR,LV,2012,563.9
C0000,AR,LV,2013,577.6
C0000,AR,LV,2014,638.8
C0000,AR,LV,2015,669.5
C0000,AR,LV,2016,706.1
C0000,AR,LV,2017,633.4
C0000,AR,LV,2018,679.8
C0000,AR,LV,2019,733.9
C0000,AR,LV,2020,750.0
C0000,AR,LV,2021,767.8
C0000,AR,LV,2022,774.9
C0000,AR,LV,2023,763.4
C0000,AR,ME,2007,1.26
C0000,AR,ME,2008,1.3
C0000,AR,ME,2009,1.34
C0000,AR,ME,2010,1.26
C0000,AR,ME,2011,2.04
C0000,AR,ME,2012,2.02
C0000,AR,ME,2013,2.15
C0000,AR,ME,2014,2.36
C0000,AR,ME,2015,2.3
C0000,AR,ME,2016,2.37
C0000,AR,ME,2017,2.42
C0000,AR,ME,2018,2.45
C0000,AR,ME,2019,2.43
C0000,AR,ME,2020,2.3
C0000,AR,ME,2021,2.28
C0000,AR,ME,2022,2.3
C0000,AR,MK,2000,221.0
C0000,AR,MK,2001,210.0
C0000,AR,MK,2002,192.0
C0000,AR,MK,2003,193.4
C0000,AR,MK,2004,188.3
C0000,AR,MK,2005,202.86
C0000,AR,MK,2006,187.82
C0000,AR,MK,2007,179.71
C0000,AR,MK,2008,174.6
C0000,AR,MK,2009,179.2
C0000,AR,MK,2010,163.21
C0000,AR,MK,2011,159.74
C0000,AR,MK,2012,162.91
C0000,AR,MK,2013,167.08
C0000,AR,MK,2014,162.12
C0000,AR,MK,2015,159.63
C0000,AR,MK,2016,167.68
C0000,AR,MK,2017,160.78
C0000,AR,MK,2018,162.36
C0000,AR,MK,2019,160.22
C0000,AR,MK,2020,159.45
C0000,AR,MK,2021,161.47
C0000,AR,MK,2022,159.03
C0000,AR,MK,2023,156.15
C0000,AR,MK,2024,160.31
C0000,AR,MT,2000,0.0
C0000,AR,MT,2001,0.0
C0000,AR,MT,2002,0.0
C0000,AR,MT,2003,0.0
C0000,AR,MT,2004,0.0
C0000,AR,MT,2005,0.0
C0000,AR,MT,2006,0.0
C0000,AR,MT,2007,0.0
C0000,AR,MT,2008,0.0
C0000,AR,MT,2009,0.0
C0000,AR,MT,2010,0.0
C0000,AR,MT,2011,0.0
C0000,AR,MT,2012,0.0
C0000,AR,MT,2013,0.0
C0000,AR,MT,2014,0.0
C0000,AR,MT,2015,0.0
C0000,AR,MT,2016,0.0
C0000,AR,MT,2017,0.0
C0000,AR,MT,2018,0.0
C0000,AR,MT,2019,0.0
C0000,AR,MT,2020,0.0
C0000,AR,MT,2021,0.0
C0000,AR,MT,2022,0.0
C0000,AR,MT,2023,0.0
C0000,AR,MT,2024,0.0
C0000,AR,NL,2000,226.4
C0000,AR,NL,2001,235.7
C0000,AR,NL,2002,233.0
C0000,AR,NL,2003,225.7
C0000,AR,NL,2004,222.9
C0000,AR,NL,2005,221.7
C0000,AR,NL,2006,219.3
C0000,AR,NL,2007,222.1
C0000,AR,NL,2008,243.3
C0000,AR,NL,2009,228.4
C0000,AR,NL,2010,220.2
C0000,AR,NL,2011,212.0
C0000,AR,NL,2012,213.0
C0000,AR,NL,2013,210.0
C0000,AR,NL,2014,192.0
C0000,AR,NL,2015,195.6
C0000,AR,NL,2016,179.16
C0000,AR,NL,2017,162.88
C0000,AR,NL,2018,166.38
C0000,AR,NL,2019,178.16
C0000,AR,NL,2020,172.27
C0000,AR,NL,2021,169.73
C0000,AR,NL,2022,185.4
C0000,AR,NL,2023,186.37
C0000,AR,NO,2000,330.6
C0000,AR,NO,2001,328.1
C0000,AR,NO,2002,326.8
C0000,AR,NO,2003,326.7
C0000,AR,NO,2004,328.1
C0000,AR,NO,2005,324.9
C0000,AR,NO,2006,318.2
C0000,AR,NO,2007,311.9
C0000,AR,NO,2008,308.7
C0000,AR,NO,2010,301.0
C0000,AR,NO,2011,299.0
C0000,AR,NO,2012,294.0
C0000,AR,NO,2013,286.0
C0000,AR,NO,2014,283.7
C0000,AR,NO,2015,282.7
C0000,AR,NO,2016,285.05
C0000,AR,NO,2017,286.79
C0000,AR,NO,2018,279.98
C0000,AR,NO,2019,275.55
C0000,AR,NO,2020,280.22
C0000,AR,NO,2021,283.5
C0000,AR,PL,2000,8813.6
C0000,AR,PL,2001,8820.2
C0000,AR,PL,2002,8293.7
C0000,AR,PL,2003,8163.3
C0000,AR,PL,2004,8377.3
C0000,AR,PL,2005,8328.9
C0000,AR,PL,2006,8381.1
C0000,AR,PL,2007,8352.9
C0000,AR,PL,2008,8598.8
C0000,AR,PL,2009,8582.8
C0000,AR,PL,2010,7637.7
C0000,AR,PL,2011,7803.0
C0000,AR,PL,2012,7704.3
C0000,AR,PL,2013,7479.5
C0000,AR,PL,2014,7484.96
C0000,AR,PL,2015,7511.8
C0000,AR,PL,2016,7400.3
C0000,AR,PL,2017,7602.0
C0000,AR,PL,2018,7806.31
C0000,AR,PL,2019,7891.43
C0000,AR,PL,2020,7466.68
C0000,AR,PL,2021,7451.27
C0000,AR,PL,2022,7196.91
C0000,AR,PL,2023,7188.21
C0000,AR,PL,2024,7043.87
C0000,AR,PT,2000,584.78
C0000,AR,PT,2001,498.75
C0000,AR,PT,2002,520.13
C0000,AR,PT,2003,455.19
C0000,AR,PT,2004,467.15
C0000,AR,PT,2005,391.97
C0000,AR,PT,2006,374.8
C0000,AR,PT,2007,312.7
C0000,AR,PT,2008,366.34
C0000,AR,PT,2009,341.23
C0000,AR,PT,2010,305.34
C0000,AR,PT,2011,284.22
C0000,AR,PT,2012,288.97
C0000,AR,PT,2013,315.1
C0000,AR,PT,2014,303.2
C0000,AR,PT,2015,270.85
C0000,AR,PT,2016,259.35
C0000,AR,PT,2017,238.55
C0000,AR,PT,2018,231.73
C0000,AR,PT,2019,224.32
C0000,AR,PT,2020,215.83
C0000,AR,PT,2021,209.24
C0000,AR,PT,2022,198.17
C0000,AR,PT,2023,185.61
C0000,AR,PT,2024,189.55
C0000,AR,RO,2000,5655.18
C0000,AR,RO,2001,6294.93
C0000,AR,RO,2002,6038.08
C0000,AR,RO,2003,5541.82
C0000,AR,RO,2004,6265.39
C0000,AR,RO,2005,5865.78
C0000,AR,RO,2006,5114.88
C0000,AR,RO,2007,5129.87
C0000,AR,RO,2008,5210.89
C0000,AR,RO,2009,5283.07
C0000,AR,RO,2010,5040.72
C0000,AR,RO,2011,5224.84
C0000,AR,RO,2012,5441.28
C0000,AR,RO,2013,5421.8
C0000,AR,RO,2014,5443.97
C0000,AR,RO,2015,5471.19
C0000,AR,RO,2016,5490.2
C0000,AR,RO,2017,5195.5
C0000,AR,RO,2018,5261.28
C0000,AR,RO,2019,5572.51
C0000,AR,RO,2020,5341.51
C0000,AR,RO,2021,5356.95
C0000,AR,RO,2022,5189.93
C0000,AR,RO,2023,5239.78
C0000,AR,RO,2024,5130.38
C0000,AR,RS,2007,1783.0
C0000,AR,RS,2008,1824.13
C0000,AR,RS,2009,1794.77
C0000,AR,RS,2010,1785.4
C0000,AR,RS,2011,1796.47
C0000,AR,RS,2012,1715.33
C0000,AR,RS,2013,1758.37
C0000,AR,RS,2014,1816.68
C0000,AR,RS,2015,1759.45
C0000,AR,RS,2016,1758.0
C0000,AR,RS,2017,1709.9
C0000,AR,RS,2018,1712.98
C0000,AR,RS,2019,1698.99
C0000,AR,RS,2020,1740.46
C0000,AR,RS,2021,1770.19
C0000,AR,RS,2022,1724.73
C0000,AR,SE,2000,1207.7
C0000,AR,SE,2001,1165.0
C0000,AR,SE,2002,1115.8
C0000,AR,SE,2003,1146.2
C0000,AR,SE,2004,1116.3
C0000,AR,SE,2005,1013.3
C0000,AR,SE,2006,961.8
C0000,AR,SE,2007,983.39
C0000,AR,SE,2008,1078.68
C0000,AR,SE,2009,1032.5
C0000,AR,SE,2010,950.05
C0000,AR,SE,2011,986.39
C0000,AR,SE,2012,992.7
C0000,AR,SE,2013,974.41
C0000,AR,SE,2014,1023.64
C0000,AR,SE,2015,1019.31
C0000,AR,SE,2016,1004.68
C0000,AR,SE,2017,993.1
C0000,AR,SE,2018,922.11
C0000,AR,SE,2019,977.05
C0000,AR,SE,2020,993.34
C0000,AR,SE,2021,983.34
C0000,AR,SE,2022,953.47
C0000,AR,SE,2023,950.87
C0000,AR,SE,2024,1009.74
C0000,AR,SI,2000,102.51
C0000,AR,SI,2001,104.52
C0000,AR,SI,2002,99.41
C0000,AR,SI,2003,99.31
C0000,AR,SI,2004,99.78
C0000,AR,SI,2005,95.55
C0000,AR,SI,2006,96.19
C0000,AR,SI,2007,99.26
C0000,AR,SI,2008,105.57
C0000,AR,SI,2009,100.81
C0000,AR,SI,2010,94.76
C0000,AR,SI,2011,94.98
C0000,AR,SI,2012,99.73
C0000,AR,SI,2013,98.97
C0000,AR,SI,2014,99.88
C0000,AR,SI,2015,98.96
C0000,AR,SI,2016,95.51
C0000,AR,SI,2017,98.46
C0000,AR,SI,2018,98.25
C0000,AR,SI,2019,98.62
C0000,AR,SI,2020,101.5
C0000,AR,SI,2021,102.05
C0000,AR,SI,2022,103.55
C0000,AR,SI,2023,105.94
C0000,AR,SK,2000,838.2
C0000,AR,SK,2001,850.7
C0000,AR,SK,2002,820.1
C0000,AR,SK,2003,800.5
C0000,AR,SK,2004,819.1
C0000,AR,SK,2005,799.8
C0000,AR,SK,2006,740.0
C0000,AR,SK,2007,784.4
C0000,AR,SK,2008,799.4
C0000,AR,SK,2009,768.0
C0000,AR,SK,2010,694.91
C0000,AR,SK,2011,741.5
C0000,AR,SK,2012,792.82
C0000,AR,SK,2013,759.84
C0000,AR,SK,2014,779.03
C0000,AR,SK,2015,749.22
C0000,AR,SK,2016,752.32
C0000,AR,SK,2017,717.47
C0000,AR,SK,2018,743.15
C0000,AR,SK,2019,769.12
C0000,AR,SK,2020,747.32
C0000,AR,SK,2021,717.7
C0000,AR,SK,2022,711.49
C0000,AR,SK,2023,696.95
C0000,AR,SK,2024,665.67
C0000,AR,TR,2000,13954.0
C0000,AR,TR,2001,13901.2
C0000,AR,TR,2002,4461.0
C0000,AR,TR,2003,17901.5
C0000,AR,TR,2004,10822.0
C0000,AR,TR,2005,6666.6
C0000,AR,TR,2006,6032.0
C0000,AR,TR,2007,12401.9
C0000,AR,TR,2008,11990.0
C0000,AR,TR,2010,23206.0
C0000,AR,TR,2011,11903.0
C0000,AR,TR,2012,11293.0
C0000,AR,TR,2013,11540.0
C0000,AR,TR,2014,11727.0
C0000,AR,TR,2015,11713.0
C0000,AR,TR,2016,11465.0
C0000,AR,TR,2017,11108.0
C0000,AR,TR,2018,10899.0
C0000,AR,TR,2019,10773.0
C0000,AR,TR,2020,11144.0
C0000,AR,TR,2021,11136.0
C0000,AR,TR,2022,11198.0
C0000,AR,TR,2023,11523.0
C0000,AR,UK,2000,3348.1
C0000,AR,UK,2001,3013.5
C0000,AR,UK,2002,3245.0
C0000,AR,UK,2003,3056.6
C0000,AR,UK,2004,3130.0
C0000,AR,UK,2005,2919.2
C0000,AR,UK,2006,2863.9
C0000,AR,UK,2007,2885.2
C0000,AR,UK,2008,3274.3
C0000,AR,UK,2009,3076.0
C0000,AR,UK,2010,3013.0
C0000,AR,UK,2011,3075.0
C0000,AR,UK,2012,3142.0
C0000,AR,UK,2013,3034.62
C0000,AR,UK,2015,3099.0
C0000,AR,UK,2016,3128.0
C0000,AR,UK,2017,3181.0
C0000,AR,UK,2018,3105.8
C0000,AR,UK,2019,3210.86
C0000,AR,UK,2020,3093.38
C0000,AR,XK,2007,102.4
C0000,AR,XK,2008,115.0
C0000,AR,XK,2009,120.0
C0000,AR,XK,2010,119.9
C0000,AR,XK,2011,121.1
C0000,AR,XK,2012,137.2
C0000,AR,XK,2013,141.9
C0000,AR,XK,2014,132.9
C0000,AR,XK,2015,134.9
C0000,AR,XK,2016,134.6
C0000,AR,XK,2017,120.7
C0000,AR,XK,2018,123.9
C0000,AR,XK,2019,124.2
C0000,AR,XK,2020,124.71
C0000,AR,XK,2021,124.48
C0000,AR,XK,2022,124.62
C0000,AR,XK,2023,124.68
P0000,AR,AL,2000,22.5
P0000,AR,AL,2001,18.5
P0000,AR,AL,2002,22.9
P0000,AR,AL,2004,23.0
P0000,AR,AL,2005,16.1
P0000,AR,AL,2006,15.1
P0000,AR,AL,2007,14.6
P0000,AR,AL,2008,14.3
P0000,AR,AL,2009,14.0
P0000,AR,AL,2010,13.7
P0000,AR,AL,2011,14.4
P0000,AR,AL,2012,14.6
P0000,AR,AL,2014,14.6
P0000,AR,AL,2015,14.9
P0000,AR,AL,2016,13.7
P0000,AR,AL,2017,13.0
P0000,AR,AL,2018,13.4
P0000,AR,AL,2019,15.2
P0000,AR,AL,2020,13.35
P0000,AR,AL,2021,13.4
P0000,AR,AL,2022,13.0
P0000,AR,AL,2023,12.2
P0000,AR,AT,2000,44.8
P0000,AR,AT,2001,42.3
P0000,AR,AT,2002,46.1
P0000,AR,AT,2003,47.3
P0000,AR,AT,2004,44.5
P0000,AR,AT,2005,42.9
P0000,AR,AT,2006,41.0
P0000,AR,AT,2007,35.9
P0000,AR,AT,2008,28.7
P0000,AR,AT,2009,21.6
P0000,AR,AT,2010,24.4
P0000,AR,AT,2011,22.72
P0000,AR,AT,2012,22.1
P0000,AR,AT,2013,17.81
P0000,AR,AT,2014,19.76
P0000,AR,AT,2015,23.57
P0000,AR,AT,2016,24.79
P0000,AR,AT,2017,22.86
P0000,AR,AT,2018,20.63
P0000,AR,AT,2019,17.68
P0000,AR,AT,2020,18.65
P0000,AR,AT,2021,19.96
P0000,AR,AT,2022,18.93
P0000,AR,AT,2023,21.13
P0000,AR,AT,2024,22.86
P0000,AR,BA,2000,10.42
P0000,AR,BA,2001,10.12
P0000,AR,BA,2002,10.29
P0000,AR,BA,2003,10.38
P0000,AR,BA,2004,10.47
P0000,AR,BA,2005,10.19
P0000,AR,BA,2006,9.74
P0000,AR,BA,2007,9.9
P0000,AR,BA,2008,9.86
P0000,AR,BA,2009,9.9
P0000,AR,BA,2010,10.38
P0000,AR,BA,2011,10.54
P0000,AR,BA,2012,10.48
P0000,AR,BA,2013,9.82
P0000,AR,BA,2014,9.25
P0000,AR,BA,2015,9.6
P0000,AR,BA,2016,8.48
P0000,AR,BA,2017,8.81
P0000,AR,BA,2018,8.11
P0000,AR,BA,2019,8.83
P0000,AR,BA,2020,8.68
P0000,AR,BA,2021,8.2
P0000,AR,BA,2022,4.11
P0000,AR,BA,2023,3.63
P0000,AR,BE,2000,1.7
P0000,AR,BE,2001,1.9
P0000,AR,BE,2002,1.6
P0000,AR,BE,2003,2.1
P0000,AR,BE,2004,2.1
P0000,AR,BE,2005,2.0
P0000,AR,BE,2006,1.6
P0000,AR,BE,2007,1.3
P0000,AR,BE,2008,1.1
P0000,AR,BE,2009,1.7
P0000,AR,BE,2010,1.7
P0000,AR,BE,2011,2.95
P0000,AR,BE,2012,1.7
P0000,AR,BE,2013,1.7
P0000,AR,BE,2014,1.98
P0000,AR,BE,2015,2.74
P0000,AR,BE,2016,2.91
P0000,AR,BE,2017,3.42
P0000,AR,BE,2018,3.82
P0000,AR,BE,2019,4.64
P0000,AR,BE,2020,6.0
P0000,AR,BE,2021,6.88
P0000,AR,BE,2022,11.3
P0000,AR,BE,2023,10.79
P0000,AR,BG,2000,4.2
P0000,AR,BG,2001,4.1
P0000,AR,BG,2002,4.1
P0000,AR,BG,2003,2.4
P0000,AR,BG,2004,1.9
P0000,AR,BG,2005,1.4
P0000,AR,BG,2006,1.4
P0000,AR,BG,2007,2.2
P0000,AR,BG,2008,4.9
P0000,AR,BG,2009,2.7
P0000,AR,BG,2010,7.18
P0000,AR,BG,2011,5.7
P0000,AR,BG,2012,5.4
P0000,AR,BG,2013,6.21
P0000,AR,BG,2014,2.65
P0000,AR,BG,2015,18.06
P0000,AR,BG,2016,30.81
P0000,AR,BG,2017,84.91
P0000,AR,BG,2018,96.44
P0000,AR,BG,2019,31.49
P0000,AR,BG,2020,25.2
P0000,AR,BG,2021,25.75
P0000,AR,BG,2022,16.77
P0000,AR,BG,2023,15.0
P0000,AR,CH,2006,5.7
P0000,AR,CH,2007,5.6
P0000,AR,CH,2008,4.6
P0000,AR,CH,2010,3.82
P0000,AR,CH,2011,3.86
P0000,AR,CH,2012,3.82
P0000,AR,CH,2014,4.33
P0000,AR,CH,2015,5.02
P0000,AR,CH,2016,5.99
P0000,AR,CH,2017,6.08
P0000,AR,CH,2018,5.91
P0000,AR,CH,2019,5.49
P0000,AR,CH,2020,5.56
P0000,AR,CH,2021,5.48
P0000,AR,CH,2022,4.7
P0000,AR,CH,2023,4.74
P0000,AR,CH,2024,4.72
P0000,AR,CY,2000,0.8
P0000,AR,CY,2001,0.8
P0000,AR,CY,2002,0.8
P0000,AR,CY,2003,0.81
P0000,AR,CY,2004,0.63
P0000,AR,CY,2005,0.57
P0000,AR,CY,2006,0.33
P0000,AR,CY,2007,0.5
P0000,AR,CY,2008,0.36
P0000,AR,CY,2009,0.37
P0000,AR,CY,2010,0.31
P0000,AR,CY,2011,0.34
P0000,AR,CY,2012,0.37
P0000,AR,CY,2013,0.37
P0000,AR,CY,2014,0.37
P0000,AR,CY,2015,0.66
P0000,AR,CY,2016,0.45
P0000,AR,CY,2017,0.4
P0000,AR,CY,2018,0.32
P0000,AR,CY,2019,0.28
P0000,AR,CY,2020,0.3
P0000,AR,CY,2021,0.27
P0000,AR,CY,2022,0.31
P0000,AR,CY,2023,0.3
P0000,AR,CY,2024,0.29
P0000,AR,CZ,2000,39.8
P0000,AR,CZ,2001,37.2
P0000,AR,CZ,2002,34.2
P0000,AR,CZ,2003,31.4
P0000,AR,CZ,2004,28.4
P0000,AR,CZ,2005,39.26
P0000,AR,CZ,2006,39.0
P0000,AR,CZ,2007,30.7
P0000,AR,CZ,2008,22.3
P0000,AR,CZ,2009,29.0
P0000,AR,CZ,2010,31.32
P0000,AR,CZ,2011,22.32
P0000,AR,CZ,2012,20.18
P0000,AR,CZ,2013,17.85
P0000,AR,CZ,2014,20.17
P0000,AR,CZ,2015,33.14
P0000,AR,CZ,2016,35.63
P0000,AR,CZ,2017,42.86
P0000,AR,CZ,2018,35.15
P0000,AR,CZ,2019,33.77
P0000,AR,CZ,2020,37.3
P0000,AR,CZ,2021,43.08
P0000,AR,CZ,2022,45.63
P0000,AR,CZ,2023,51.92
P0000,AR,CZ,2024,58.68
P0000,AR,DE,2000,185.6
P0000,AR,DE,2001,218.6
P0000,AR,DE,2002,207.8
P0000,AR,DE,2003,206.9
P0000,AR,DE,2004,177.5
P0000,AR,DE,2005,168.7
P0000,AR,DE,2006,143.8
P0000,AR,DE,2007,109.0
P0000,AR,DE,2008,84.4
P0000,AR,DE,2009,83.0
P0000,AR,DE,2010,100.65
P0000,AR,DE,2011,97.5
P0000,AR,DE,2012,82.1
P0000,AR,DE,2013,74.7
P0000,AR,DE,2014,92.4
P0000,AR,DE,2015,160.4
P0000,AR,DE,2016,171.3
P0000,AR,DE,2017,178.1
P0000,AR,DE,2018,167.6
P0000,AR,DE,2019,166.7
P0000,AR,DE,2020,190.1
P0000,AR,DE,2021,210.5
P0000,AR,DE,2022,236.8
P0000,AR,DE,2023,231.5
P0000,AR,DK,2000,35.6
P0000,AR,DK,2001,32.1
P0000,AR,DK,2002,40.4
P0000,AR,DK,2003,31.4
P0000,AR,DK,2004,26.7
P0000,AR,DK,2005,16.3
P0000,AR,DK,2006,10.5
P0000,AR,DK,2007,5.8
P0000,AR,DK,2008,4.4
P0000,AR,DK,2009,6.8
P0000,AR,DK,2010,10.4
P0000,AR,DK,2011,7.8
P0000,AR,DK,2012,6.8
P0000,AR,DK,2013,7.2
P0000,AR,DK,2014,8.4
P0000,AR,DK,2015,12.0
P0000,AR,DK,2016,15.7
P0000,AR,DK,2017,20.6
P0000,AR,DK,2018,32.0
P0000,AR,DK,2019,22.2
P0000,AR,DK,2020,26.6
P0000,AR,DK,2021,32.4
P0000,AR,DK,2022,38.9
P0000,AR,DK,2023,42.4
P0000,AR,EE,2000,3.9
P0000,AR,EE,2001,3.7
P0000,AR,EE,2002,2.4
P0000,AR,EE,2003,4.4
P0000,AR,EE,2004,4.3
P0000,AR,EE,2005,4.4
P0000,AR,EE,2006,4.6
P0000,AR,EE,2007,5.7
P0000,AR,EE,2008,4.8
P0000,AR,EE,2009,4.9
P0000,AR,EE,2010,7.3
P0000,AR,EE,2011,8.5
P0000,AR,EE,2012,11.0
P0000,AR,EE,2013,13.6
P0000,AR,EE,2014,19.1
P0000,AR,EE,2015,31.3
P0000,AR,EE,2016,55.42
P0000,AR,EE,2017,65.56
P0000,AR,EE,2018,46.81
P0000,AR,EE,2019,42.95
P0000,AR,EE,2020,49.54
P0000,AR,EE,2021,48.97
P0000,AR,EE,2022,48.83
P0000,AR,EE,2023,53.34
P0000,AR,EL,2000,22.55
P0000,AR,EL,2001,25.92
P0000,AR,EL,2002,21.98
P0000,AR,EL,2003,22.82
P0000,AR,EL,2004,21.63
P0000,AR,EL,2005,26.92
P0000,AR,EL,2006,24.91
P0000,AR,EL,2007,21.88
P0000,AR,EL,2008,21.23
P0000,AR,EL,2009,20.98
P0000,AR,EL,2010,25.2
P0000,AR,EL,2011,21.69
P0000,AR,EL,2012,24.09
P0000,AR,EL,2013,44.14
P0000,AR,EL,2014,48.48
P0000,AR,EL,2015,67.47
P0000,AR,EL,2016,88.06
P0000,AR,EL,2017,127.12
P0000,AR,EL,2018,134.22
P0000,AR,EL,2019,128.88
P0000,AR,EL,2020,130.71
P0000,AR,EL,2021,133.0
P0000,AR,EL,2022,135.79
P0000,AR,EL,2023,126.7
P0000,AR,EL,2024,124.38
P0000,AR,ES,2000,455.2
P0000,AR,ES,2001,468.1
P0000,AR,ES,2002,555.7
P0000,AR,ES,2003,568.4
P0000,AR,ES,2004,583.8
P0000,AR,ES,2005,570.1
P0000,AR,ES,2006,317.5
P0000,AR,ES,2007,278.4
P0000,AR,ES,2008,209.4
P0000,AR,ES,2009,311.1
P0000,AR,ES,2010,446.98
P0000,AR,ES,2011,530.29
P0000,AR,ES,2012,445.63
P0000,AR,ES,2013,378.11
P0000,AR,ES,2014,458.39
P0000,AR,ES,2015,489.39
P0000,AR,ES,2016,460.23
P0000,AR,ES,2017,521.39
P0000,AR,ES,2018,472.93
P0000,AR,ES,2019,420.54
P0000,AR,ES,2020,366.93
P0000,AR,ES,2021,361.62
P0000,AR,ES,2022,361.77
P0000,AR,ES,2023,474.34
P0000,AR,ES,2024,543.05
P0000,AR,EU,2000,1568.06
P0000,AR,EU,2001,1685.54
P0000,AR,EU,2002,1695.78
P0000,AR,EU,2003,1721.65
P0000,AR,EU,2004,1909.02
P0000,AR,EU,2005,1883.91
P0000,AR,EU,2006,1492.02
P0000,AR,EU,2007,1284.69
P0000,AR,EU,2008,1063.68
P0000,AR,EU,2009,1312.44
P0000,AR,EU,2011,1601.33
P0000,AR,EU,2012,1367.82
P0000,AR,EU,2013,1354.09
P0000,AR,EU,2014,1571.41
P0000,AR,EU,2015,2207.74
P0000,AR,EU,2016,2336.72
P0000,AR,EU,2017,2583.5
P0000,AR,EU,2018,2365.61
P0000,AR,EU,2019,2168.77
P0000,AR,EU,2020,2121.91
P0000,AR,EU,2021,2121.57
P0000,AR,EU,2022,2136.42
P0000,AR,EU,2023,2364.13
P0000,AR,EU27_2020,2000,1694.58
P0000,AR,EU27_2020,2001,1747.76
P0000,AR,EU27_2020,2002,1720.81
P0000,AR,EU27_2020,2003,1757.74
P0000,AR,EU27_2020,2004,1758.68
P0000,AR,EU27_2020,2005,1734.55
P0000,AR,EU27_2020,2006,1345.66
P0000,AR,EU27_2020,2007,1128.51
P0000,AR,EU27_2020,2008,918.29
P0000,AR,EU27_2020,2009,1087.46
P0000,AR,EU27_2020,2011,1448.49
P0000,AR,EU27_2020,2012,1249.55
P0000,AR,EU27_2020,2013,1209.11
P0000,AR,EU27_2020,2014,1432.41
P0000,AR,EU27_2020,2015,1993.74
P0000,AR,EU27_2020,2016,2108.72
P0000,AR,EU27_2020,2017,2350.5
P0000,AR,EU27_2020,2018,2172.91
P0000,AR,EU27_2020,2019,1990.83
P0000,AR,EU27_2020,2020,2121.91
P0000,AR,EU27_2020,2021,2121.57
P0000,AR,EU27_2020,2022,2136.42
P0000,AR,EU27_2020,2023,2364.13
P0000,AR,EU28,2000,1902.48
P0000,AR,EU28,2001,2023.56
P0000,AR,EU28,2002,1969.71
P0000,AR,EU28,2003,1992.74
P0000,AR,EU28,2004,2000.68
P0000,AR,EU28,2005,1973.35
P0000,AR,EU28,2006,1576.76
P0000,AR,EU28,2007,1289.51
P0000,AR,EU28,2008,1066.59
P0000,AR,EU28,2009,1315.46
P0000,AR,EU28,2011,1603.49
P0000,AR,EU28,2012,1369.55
P0000,AR,EU28,2013,1356.11
P0000,AR,EU28,2014,1571.41
P0000,AR,EU28,2015,2207.74
P0000,AR,EU28,2016,2336.72
P0000,AR,EU28,2017,2583.5
P0000,AR,EU28,2018,2365.61
P0000,AR,EU28,2019,2168.77
P0000,AR,FI,2000,11.6
P0000,AR,FI,2001,10.5
P0000,AR,FI,2002,9.3
P0000,AR,FI,2003,8.4
P0000,AR,FI,2004,4.8
P0000,AR,FI,2005,4.5
P0000,AR,FI,2006,4.8
P0000,AR,FI,2007,5.1
P0000,AR,FI,2008,4.0
P0000,AR,FI,2009,6.6
P0000,AR,FI,2010,15.5
P0000,AR,FI,2011,14.5
P0000,AR,FI,2012,12.9
P0000,AR,FI,2013,11.3
P0000,AR,FI,2014,14.3
P0000,AR,FI,2015,23.2
P0000,AR,FI,2016,26.2
P0000,AR,FI,2017,20.3
P0000,AR,FI,2018,24.7
P0000,AR,FI,2019,27.1
P0000,AR,FI,2020,34.4
P0000,AR,FI,2021,28.83
P0000,AR,FI,2022,40.56
P0000,AR,FI,2023,41.3
P0000,AR,FI,2024,45.0
P0000,AR,FR,2000,477.7
P0000,AR,FR,2001,481.6
P0000,AR,FR,2002,437.3
P0000,AR,FR,2003,467.4
P0000,AR,FR,2004,457.9
P0000,AR,FR,2005,437.9
P0000,AR,FR,2006,339.4
P0000,AR,FR,2007,221.0
P0000,AR,FR,2008,172.2
P0000,AR,FR,2009,216.2
P0000,AR,FR,2010,415.82
P0000,AR,FR,2011,299.13
P0000,AR,FR,2012,220.93
P0000,AR,FR,2013,214.66
P0000,AR,FR,2014,245.65
P0000,AR,FR,2015,296.18
P0000,AR,FR,2016,328.79
P0000,AR,FR,2017,358.65
P0000,AR,FR,2018,292.86
P0000,AR,FR,2019,312.8
P0000,AR,FR,2020,389.26
P0000,AR,FR,2021,391.95
P0000,AR,FR,2022,308.71
P0000,AR,FR,2023,348.11
P0000,AR,HR,2000,8.26
P0000,AR,HR,2001,8.17
P0000,AR,HR,2002,8.22
P0000,AR,HR,2003,8.05
P0000,AR,HR,2004,7.2
P0000,AR,HR,2005,6.92
P0000,AR,HR,2006,6.69
P0000,AR,HR,2007,4.83
P0000,AR,HR,2008,2.91
P0000,AR,HR,2009,3.02
P0000,AR,HR,2010,2.09
P0000,AR,HR,2011,2.15
P0000,AR,HR,2012,1.74
P0000,AR,HR,2013,2.02
P0000,AR,HR,2014,2.41
P0000,AR,HR,2015,2.28
P0000,AR,HR,2016,3.25
P0000,AR,HR,2017,2.58
P0000,AR,HR,2018,2.54
P0000,AR,HR,2019,2.51
P0000,AR,HR,2020,1.9
P0000,AR,HR,2021,2.21
P0000,AR,HR,2022,3.08
P0000,AR,HR,2023,4.06
P0000,AR,HU,2000,31.8
P0000,AR,HU,2001,31.1
P0000,AR,HU,2002,26.4
P0000,AR,HU,2003,25.8
P0000,AR,HU,2004,23.9
P0000,AR,HU,2005,22.2
P0000,AR,HU,2006,22.1
P0000,AR,HU,2007,24.0
P0000,AR,HU,2008,22.0
P0000,AR,HU,2009,20.4
P0000,AR,HU,2010,18.96
P0000,AR,HU,2011,19.85
P0000,AR,HU,2012,21.81
P0000,AR,HU,2013,21.16
P0000,AR,HU,2014,21.86
P0000,AR,HU,2015,25.63
P0000,AR,HU,2016,21.19
P0000,AR,HU,2017,19.9
P0000,AR,HU,2018,17.17
P0000,AR,HU,2019,16.99
P0000,AR,HU,2020,12.17
P0000,AR,HU,2021,13.4
P0000,AR,HU,2022,11.63
P0000,AR,HU,2023,12.88
P0000,AR,IE,2000,1.5
P0000,AR,IE,2001,1.9
P0000,AR,IE,2002,1.7
P0000,AR,IE,2003,2.85
P0000,AR,IE,2004,2.66
P0000,AR,IE,2005,3.7
P0000,AR,IE,2006,4.25
P0000,AR,IE,2007,2.92
P0000,AR,IE,2008,2.47
P0000,AR,IE,2009,4.19
P0000,AR,IE,2010,4.55
P0000,AR,IE,2011,2.89
P0000,AR,IE,2012,4.09
P0000,AR,IE,2013,4.48
P0000,AR,IE,2014,3.54
P0000,AR,IE,2015,10.66
P0000,AR,IE,2016,12.48
P0000,AR,IE,2017,13.72
P0000,AR,IE,2018,8.5
P0000,AR,IE,2019,8.13
P0000,AR,IE,2020,13.75
P0000,AR,IE,2021,9.74
P0000,AR,IE,2022,10.83
P0000,AR,IE,2023,16.25
P0000,AR,IE,2024,18.96
P0000,AR,IS,2000,0.0
P0000,AR,IS,2001,0.0
P0000,AR,IS,2002,0.0
P0000,AR,IS,2003,0.0
P0000,AR,IS,2004,0.0
P0000,AR,IS,2005,0.0
P0000,AR,IS,2006,0.0
P0000,AR,IS,2007,0.0
P0000,AR,IS,2008,0.0
P0000,AR,IS,2009,0.0
P0000,AR,IS,2010,0.0
P0000,AR,IS,2011,0.0
P0000,AR,IS,2012,0.0
P0000,AR,IS,2013,0.0
P0000,AR,IS,2015,0.0
P0000,AR,IS,2016,0.0
P0000,AR,IS,2017,0.0
P0000,AR,IS,2018,0.0
P0000,AR,IS,2019,0.0
P0000,AR,IS,2020,0.0
P0000,AR,IS,2021,0.0
P0000,AR,IS,2022,0.0
P0000,AR,IS,2023,0.0
P0000,AR,IS,2024,0.0
P0000,AR,IT,2000,68.4
P0000,AR,IT,2001,69.0
P0000,AR,IT,2002,65.7
P0000,AR,IT,2003,70.5
P0000,AR,IT,2004,70.8
P0000,AR,IT,2005,75.4
P0000,AR,IT,2006,73.3
P0000,AR,IT,2007,77.0
P0000,AR,IT,2008,77.7
P0000,AR,IT,2009,74.7
P0000,AR,IT,2010,80.07
P0000,AR,IT,2011,68.27
P0000,AR,IT,2012,72.69
P0000,AR,IT,2013,68.26
P0000,AR,IT,2014,67.45
P0000,AR,IT,2015,73.47
P0000,AR,IT,2016,87.42
P0000,AR,IT,2017,99.51
P0000,AR,IT,2018,106.63
P0000,AR,IT,2019,115.83
P0000,AR,IT,2020,113.05
P0000,AR,IT,2021,104.22
P0000,AR,IT,2022,89.28
P0000,AR,IT,2023,85.01
P0000,AR,IT,2024,81.27
P0000,AR,LT,2000,39.8
P0000,AR,LT,2001,36.7
P0000,AR,LT,2002,36.2
P0000,AR,LT,2003,21.6
P0000,AR,LT,2004,30.5
P0000,AR,LT,2005,35.8
P0000,AR,LT,2006,43.0
P0000,AR,LT,2007,40.7
P0000,AR,LT,2008,36.7
P0000,AR,LT,2009,47.7
P0000,AR,LT,2010,49.7
P0000,AR,LT,2011,45.4
P0000,AR,LT,2012,42.4
P0000,AR,LT,2013,44.4
P0000,AR,LT,2014,81.5
P0000,AR,LT,2015,156.98
P0000,AR,LT,2016,231.98
P0000,AR,LT,2017,236.22
P0000,AR,LT,2018,188.04
P0000,AR,LT,2019,141.16
P0000,AR,LT,2020,132.15
P0000,AR,LT,2021,152.09
P0000,AR,LT,2022,142.07
P0000,AR,LT,2023,167.59
P0000,AR,LU,2000,0.4
P0000,AR,LU,2001,0.7
P0000,AR,LU,2002,0.7
P0000,AR,LU,2003,0.6
P0000,AR,LU,2004,0.5
P0000,AR,LU,2005,0.5
P0000,AR,LU,2006,0.4
P0000,AR,LU,2007,0.4
P0000,AR,LU,2008,0.2
P0000,AR,LU,2009,0.3
P0000,AR,LU,2010,0.34
P0000,AR,LU,2011,0.27
P0000,AR,LU,2012,0.17
P0000,AR,LU,2013,0.28
P0000,AR,LU,2014,0.38
P0000,AR,LU,2015,0.59
P0000,AR,LU,2016,0.68
P0000,AR,LU,2017,0.62
P0000,AR,LU,2018,0.41
P0000,AR,LU,2019,0.41
P0000,AR,LU,2020,0.38
P0000,AR,LU,2021,0.38
P0000,AR,LU,2022,0.45
P0000,AR,LU,2023,0.49
P0000,AR,LV,2000,2.1
P0000,AR,LV,2001,3.2
P0000,AR,LV,2002,2.5
P0000,AR,LV,2003,2.9
P0000,AR,LV,2004,2.6
P0000,AR,LV,2005,2.2
P0000,AR,LV,2006,1.4
P0000,AR,LV,2007,1.6
P0000,AR,LV,2008,1.6
P0000,AR,LV,2009,2.5
P0000,AR,LV,2010,
P0000,AR,LV,2011,3.7
P0000,AR,LV,2012,4.2
P0000,AR,LV,2013,7.0
P0000,AR,LV,2014,11.7
P0000,AR,LV,2015,31.1
P0000,AR,LV,2016,40.8
P0000,AR,LV,2017,48.2
P0000,AR,LV,2018,51.9
P0000,AR,LV,2019,39.1
P0000,AR,LV,2020,42.4
P0000,AR,LV,2021,48.3
P0000,AR,LV,2022,47.9
P0000,AR,LV,2023,70.6
P0000,AR,ME,2007,0.0
P0000,AR,ME,2008,0.02
P0000,AR,ME,2009,0.02
P0000,AR,ME,2010,0.02
P0000,AR,ME,2011,0.02
P0000,AR,ME,2012,0.03
P0000,AR,ME,2013,0.03
P0000,AR,ME,2014,0.09
P0000,AR,ME,2015,0.0
P0000,AR,ME,2016,0.0
P0000,AR,ME,2017,0.0
P0000,AR,ME,2018,0.0
P0000,AR,ME,2019,0.0
P0000,AR,ME,2020,0.0
P0000,AR,ME,2021,0.0
P0000,AR,ME,2022,0.0
P0000,AR,ME,2023,0.0
P0000,AR,ME,2024,0.0
P0000,AR,MK,2000,19.0
P0000,AR,MK,2001,17.7
P0000,AR,MK,2002,16.6
P0000,AR,MK,2003,16.9
P0000,AR,MK,2004,15.9
P0000,AR,MK,2005,14.38
P0000,AR,MK,2006,14.45
P0000,AR,MK,2007,13.73
P0000,AR,MK,2008,13.62
P0000,AR,MK,2009,13.88
P0000,AR,MK,2010,13.29
P0000,AR,MK,2011,13.55
P0000,AR,MK,2012,13.81
P0000,AR,MK,2013,13.5
P0000,AR,MK,2014,13.61
P0000,AR,MK,2015,13.58
P0000,AR,MK,2016,13.48
P0000,AR,MK,2017,13.18
P0000,AR,MK,2018,13.12
P0000,AR,MK,2019,13.02
P0000,AR,MK,2020,12.57
P0000,AR,MK,2021,12.48
P0000,AR,MK,2022,11.89
P0000,AR,MK,2023,11.24
P0000,AR,MT,2000,0.0
P0000,AR,MT,2001,0.0
P0000,AR,MT,2002,0.0
P0000,AR,MT,2003,0.0
P0000,AR,MT,2004,0.0
P0000,AR,MT,2005,0.0
P0000,AR,MT,2006,0.0
P0000,AR,MT,2007,0.0
P0000,AR,MT,2008,0.0
P0000,AR,MT,2009,0.0
P0000,AR,MT,2010,0.0
P0000,AR,MT,2011,0.0
P0000,AR,MT,2012,0.0
P0000,AR,MT,2013,0.0
P0000,AR,MT,2014,0.0
P0000,AR,MT,2015,0.0
P0000,AR,MT,2016,0.0
P0000,AR,MT,2017,0.0
P0000,AR,MT,2018,0.0
P0000,AR,MT,2019,0.0
P0000,AR,MT,2020,0.0
P0000,AR,MT,2021,0.0
P0000,AR,MT,2022,0.0
P0000,AR,MT,2023,0.0
P0000,AR,MT,2024,0.0
P0000,AR,NL,2000,2.9
P0000,AR,NL,2001,3.7
P0000,AR,NL,2002,3.8
P0000,AR,NL,2003,5.7
P0000,AR,NL,2004,5.5
P0000,AR,NL,2005,3.9
P0000,AR,NL,2006,2.6
P0000,AR,NL,2007,2.3
P0000,AR,NL,2008,2.4
P0000,AR,NL,2009,3.2
P0000,AR,NL,2010,4.0
P0000,AR,NL,2011,2.29
P0000,AR,NL,2012,3.0
P0000,AR,NL,2013,3.0
P0000,AR,NL,2014,3.0
P0000,AR,NL,2015,1.57
P0000,AR,NL,2016,2.15
P0000,AR,NL,2017,3.06
P0000,AR,NL,2018,2.91
P0000,AR,NL,2019,3.51
P0000,AR,NL,2020,4.14
P0000,AR,NL,2021,4.66
P0000,AR,NL,2022,4.3
P0000,AR,NL,2023,1.68
P0000,AR,NO,2014,4.1
P0000,AR,NO,2015,4.2
P0000,AR,NO,2016,2.46
P0000,AR,NO,2017,2.62
P0000,AR,NO,2018,3.26
P0000,AR,NO,2019,2.8
P0000,AR,NO,2020,4.23
P0000,AR,NO,2021,3.23
P0000,AR,PL,2000,141.5
P0000,AR,PL,2001,161.0
P0000,AR,PL,2002,100.0
P0000,AR,PL,2003,109.5
P0000,AR,PL,2004,107.4
P0000,AR,PL,2005,118.8
P0000,AR,PL,2006,119.7
P0000,AR,PL,2007,136.8
P0000,AR,PL,2008,115.1
P0000,AR,PL,2009,123.5
P0000,AR,PL,2010,172.9
P0000,AR,PL,2011,162.9
P0000,AR,PL,2012,139.9
P0000,AR,PL,2013,170.6
P0000,AR,PL,2014,205.32
P0000,AR,PL,2015,403.9
P0000,AR,PL,2016,320.9
P0000,AR,PL,2017,272.38
P0000,AR,PL,2018,251.99
P0000,AR,PL,2019,269.59
P0000,AR,PL,2020,345.76
P0000,AR,PL,2021,320.25
P0000,AR,PL,2022,400.62
P0000,AR,PL,2023,398.02
P0000,AR,PT,2000,24.09
P0000,AR,PT,2001,23.72
P0000,AR,PT,2002,23.1
P0000,AR,PT,2003,23.58
P0000,AR,PT,2004,22.11
P0000,AR,PT,2005,18.55
P0000,AR,PT,2006,18.62
P0000,AR,PT,2007,19.43
P0000,AR,PT,2008,16.09
P0000,AR,PT,2009,13.6
P0000,AR,PT,2010,12.98
P0000,AR,PT,2011,12.36
P0000,AR,PT,2012,11.86
P0000,AR,PT,2013,10.9
P0000,AR,PT,2014,13.1
P0000,AR,PT,2015,16.19
P0000,AR,PT,2016,18.87
P0000,AR,PT,2017,19.06
P0000,AR,PT,2018,20.47
P0000,AR,PT,2019,18.01
P0000,AR,PT,2020,18.98
P0000,AR,PT,2021,20.4
P0000,AR,PT,2022,23.33
P0000,AR,PT,2023,22.42
P0000,AR,PT,2024,24.7
P0000,AR,RO,2000,41.35
P0000,AR,RO,2001,35.59
P0000,AR,RO,2002,45.3
P0000,AR,RO,2003,46.81
P0000,AR,RO,2004,82.56
P0000,AR,RO,2005,81.13
P0000,AR,RO,2006,76.65
P0000,AR,RO,2007,65.89
P0000,AR,RO,2008,54.68
P0000,AR,RO,2009,53.38
P0000,AR,RO,2010,49.1
P0000,AR,RO,2011,53.25
P0000,AR,RO,2012,55.24
P0000,AR,RO,2013,53.9
P0000,AR,RO,2014,50.0
P0000,AR,RO,2015,54.35
P0000,AR,RO,2016,60.34
P0000,AR,RO,2017,120.21
P0000,AR,RO,2018,134.29
P0000,AR,RO,2019,116.86
P0000,AR,RO,2020,108.53
P0000,AR,RO,2021,85.61
P0000,AR,RO,2022,76.52
P0000,AR,RO,2023,102.19
P0000,AR,RO,2024,112.15
P0000,AR,RS,2007,15.2
P0000,AR,RS,2008,14.31
P0000,AR,RS,2009,14.2
P0000,AR,RS,2010,13.58
P0000,AR,RS,2011,13.1
P0000,AR,RS,2012,13.31
P0000,AR,RS,2013,11.93
P0000,AR,RS,2014,11.28
P0000,AR,RS,2015,13.76
P0000,AR,RS,2016,13.6
P0000,AR,RS,2017,14.5
P0000,AR,RS,2018,10.62
P0000,AR,RS,2019,10.89
P0000,AR,RS,2020,10.19
P0000,AR,RS,2021,9.48
P0000,AR,RS,2022,9.91
P0000,AR,RS,2023,8.0
P0000,AR,SE,2000,28.12
P0000,AR,SE,2001,29.7
P0000,AR,SE,2002,31.7
P0000,AR,SE,2003,28.7
P0000,AR,SE,2004,32.92
P0000,AR,SE,2005,31.3
P0000,AR,SE,2006,26.09
P0000,AR,SE,2007,19.24
P0000,AR,SE,2008,17.49
P0000,AR,SE,2009,24.79
P0000,AR,SE,2010,36.31
P0000,AR,SE,2011,32.52
P0000,AR,SE,2012,31.26
P0000,AR,SE,2013,30.17
P0000,AR,SE,2014,33.76
P0000,AR,SE,2015,47.96
P0000,AR,SE,2016,55.34
P0000,AR,SE,2017,55.1
P0000,AR,SE,2018,48.72
P0000,AR,SE,2019,39.36
P0000,AR,SE,2020,42.3
P0000,AR,SE,2021,43.05
P0000,AR,SE,2022,46.46
P0000,AR,SE,2023,47.3
P0000,AR,SI,2000,0.32
P0000,AR,SI,2001,0.36
P0000,AR,SI,2002,0.51
P0000,AR,SI,2003,0.72
P0000,AR,SI,2004,0.77
P0000,AR,SI,2005,2.01
P0000,AR,SI,2006,3.91
P0000,AR,SI,2007,2.34
P0000,AR,SI,2008,1.57
P0000,AR,SI,2009,1.03
P0000,AR,SI,2010,0.89
P0000,AR,SI,2011,1.2
P0000,AR,SI,2012,0.75
P0000,AR,SI,2013,0.69
P0000,AR,SI,2014,0.69
P0000,AR,SI,2015,0.85
P0000,AR,SI,2016,1.26
P0000,AR,SI,2017,1.31
P0000,AR,SI,2018,1.08
P0000,AR,SI,2019,1.03
P0000,AR,SI,2020,0.74
P0000,AR,SI,2021,0.75
P0000,AR,SI,2022,0.73
P0000,AR,SI,2023,0.69
P0000,AR,SK,2000,20.6
P0000,AR,SK,2001,16.1
P0000,AR,SK,2002,13.3
P0000,AR,SK,2003,16.7
P0000,AR,SK,2004,15.1
P0000,AR,SK,2005,17.2
P0000,AR,SK,2006,18.1
P0000,AR,SK,2007,13.6
P0000,AR,SK,2008,9.6
P0000,AR,SK,2009,10.2
P0000,AR,SK,2010,11.59
P0000,AR,SK,2011,8.0
P0000,AR,SK,2012,7.27
P0000,AR,SK,2013,4.62
P0000,AR,SK,2014,6.07
P0000,AR,SK,2015,10.1
P0000,AR,SK,2016,11.77
P0000,AR,SK,2017,12.48
P0000,AR,SK,2018,10.82
P0000,AR,SK,2019,9.31
P0000,AR,SK,2020,10.69
P0000,AR,SK,2021,13.3
P0000,AR,SK,2022,14.9
P0000,AR,SK,2023,18.13
P0000,AR,SK,2024,21.73
P0000,AR,TR,2000,895.1
P0000,AR,TR,2001,905.9
P0000,AR,TR,2002,0.5
P0000,AR,TR,2003,605.9
P0000,AR,TR,2007,121.8
P0000,AR,TR,2008,109.0
P0000,AR,TR,2010,10.0
P0000,AR,TR,2011,778.0
P0000,AR,TR,2012,772.0
P0000,AR,TR,2013,807.0
P0000,AR,TR,2014,744.0
P0000,AR,TR,2015,690.0
P0000,AR,TR,2016,715.0
P0000,AR,TR,2017,791.0
P0000,AR,TR,2018,888.0
P0000,AR,TR,2019,954.0
P0000,AR,TR,2020,907.0
P0000,AR,TR,2021,946.0
P0000,AR,TR,2022,936.0
P0000,AR,TR,2023,905.0
P0000,AR,UK,2000,207.9
P0000,AR,UK,2001,275.8
P0000,AR,UK,2002,248.9
P0000,AR,UK,2003,235.0
P0000,AR,UK,2004,242.0
P0000,AR,UK,2005,238.8
P0000,AR,UK,2006,231.1
P0000,AR,UK,2007,161.0
P0000,AR,UK,2008,148.3
P0000,AR,UK,2009,228.0
P0000,AR,UK,2010,210.0
P0000,AR,UK,2011,155.0
P0000,AR,UK,2012,120.0
P0000,AR,UK,2013,147.0
P0000,AR,UK,2014,139.0
P0000,AR,UK,2015,214.0
P0000,AR,UK,2016,228.0
P0000,AR,UK,2017,233.0
P0000,AR,UK,2018,192.7
P0000,AR,UK,2019,177.94
P0000,AR,UK,2020,240.9
P0000,AR,XK,2007,4.5
P0000,AR,XK,2008,4.2
P0000,AR,XK,2009,4.2
P0000,AR,XK,2010,3.7
P0000,AR,XK,2011,3.3
P0000,AR,XK,2012,3.0
P0000,AR,XK,2013,3.7
P0000,AR,XK,2014,4.3
P0000,AR,XK,2015,3.1
P0000,AR,XK,2016,3.4
P0000,AR,XK,2017,3.6
P0000,AR,XK,2018,3.0
P0000,AR,XK,2019,3.0
P0000,AR,XK,2020,3.02
P0000,AR,XK,2021,3.03
P0000,AR,XK,2022,3.05
P0000,AR,XK,2023,3.08
V0000,AR,AL,2004,32.0
V0000,AR,AL,2005,32.5
V0000,AR,AL,2006,30.8
V0000,AR,AL,2014,36.57
V0000,AR,AL,2015,37.14
V0000,AR,AL,2021,43.01
V0000,AR,AL,2022,43.6
V0000,AR,AL,2023,43.3
V0000,AR,AT,2000,13.0
V0000,AR,AT,2001,13.2
V0000,AR,AT,2002,13.2
V0000,AR,AT,2003,13.3
V0000,AR,AT,2004,13.6
V0000,AR,AT,2005,12.8
V0000,AR,AT,2006,13.8
V0000,AR,AT,2007,15.1
V0000,AR,AT,2008,15.91
V0000,AR,AT,2009,15.34
V0000,AR,AT,2010,15.11
V0000,AR,AT,2011,16.16
V0000,AR,AT,2012,15.0
V0000,AR,AT,2013,15.63
V0000,AR,AT,2014,15.92
V0000,AR,AT,2015,15.67
V0000,AR,AT,2016,17.33
V0000,AR,AT,2017,17.78
V0000,AR,AT,2018,17.64
V0000,AR,AT,2019,18.0
V0000,AR,AT,2020,18.22
V0000,AR,AT,2021,18.74
V0000,AR,AT,2022,18.48
V0000,AR,AT,2023,18.94
V0000,AR,BA,2000,26.75
V0000,AR,BA,2001,27.34
V0000,AR,BA,2002,27.42
V0000,AR,BA,2003,27.64
V0000,AR,BA,2004,28.34
V0000,AR,BA,2005,28.19
V0000,AR,BA,2006,27.89
V0000,AR,BA,2007,28.62
V0000,AR,BA,2008,28.49
V0000,AR,BA,2009,27.19
V0000,AR,BA,2010,27.3
V0000,AR,BA,2011,27.9
V0000,AR,BA,2012,28.57
V0000,AR,BA,2013,27.81
V0000,AR,BA,2014,25.84
V0000,AR,BA,2015,27.74
V0000,AR,BA,2016,31.24
V0000,AR,BA,2017,27.71
V0000,AR,BA,2018,27.62
V0000,AR,BA,2019,26.63
V0000,AR,BA,2020,29.69
V0000,AR,BA,2021,27.23
V0000,AR,BA,2022,15.01
V0000,AR,BA,2023,12.86
V0000,AR,BE,2000,52.6
V0000,AR,BE,2001,52.6
V0000,AR,BE,2002,67.1
V0000,AR,BE,2003,71.2
V0000,AR,BE,2004,69.6
V0000,AR,BE,2006,60.53
V0000,AR,BE,2007,60.66
V0000,AR,BE,2008,60.01
V0000,AR,BE,2009,60.53
V0000,AR,BE,2010,60.5
V0000,AR,BE,2011,53.67
V0000,AR,BE,2012,52.14
V0000,AR,BE,2013,45.97
V0000,AR,BE,2014,47.05
V0000,AR,BE,2015,58.44
V0000,AR,BE,2016,59.63
V0000,AR,BE,2017,64.29
V0000,AR,BE,2018,65.62
V0000,AR,BE,2019,67.33
V0000,AR,BE,2020,68.68
V0000,AR,BE,2021,70.15
V0000,AR,BE,2022,64.39
V0000,AR,BE,2023,61.28
V0000,AR,BG,2000,0.0
V0000,AR,BG,2005,28.8
V0000,AR,BG,2006,37.88
V0000,AR,BG,2007,25.44
V0000,AR,BG,2008,25.4
V0000,AR,BG,2009,31.56
V0000,AR,BG,2010,24.64
V0000,AR,BG,2011,27.3
V0000,AR,BG,2012,20.4
V0000,AR,BG,2013,23.45
V0000,AR,BG,2014,19.55
V0000,AR,BG,2015,25.57
V0000,AR,BG,2016,38.84
V0000,AR,BG,2017,28.05
V0000,AR,BG,2018,28.4
V0000,AR,BG,2019,28.68
V0000,AR,BG,2020,23.87
V0000,AR,BG,2021,24.56
V0000,AR,BG,2022,20.65
V0000,AR,BG,2023,22.49
V0000,AR,CH,2014,15.95
V0000,AR,CH,2016,16.02
V0000,AR,CH,2017,13.69
V0000,AR,CH,2018,13.6
V0000,AR,CH,2019,13.53
V0000,AR,CH,2020,14.54
V0000,AR,CY,2000,3.9
V0000,AR,CY,2001,3.8
V0000,AR,CY,2002,3.69
V0000,AR,CY,2003,3.5
V0000,AR,CY,2004,3.8
V0000,AR,CY,2005,3.7
V0000,AR,CY,2006,3.59
V0000,AR,CY,2007,3.43
V0000,AR,CY,2008,2.93
V0000,AR,CY,2009,2.99
V0000,AR,CY,2010,2.74
V0000,AR,CY,2011,2.78
V0000,AR,CY,2012,2.86
V0000,AR,CY,2013,2.99
V0000,AR,CY,2014,2.91
V0000,AR,CY,2015,2.9
V0000,AR,CY,2016,2.92
V0000,AR,CY,2017,2.79
V0000,AR,CY,2018,2.73
V0000,AR,CY,2019,2.68
V0000,AR,CY,2020,2.69
V0000,AR,CY,2021,2.65
V0000,AR,CY,2022,2.6
V0000,AR,CY,2023,2.71
V0000,AR,CZ,2000,32.0
V0000,AR,CZ,2001,26.05
V0000,AR,CZ,2002,12.67
V0000,AR,CZ,2003,12.17
V0000,AR,CZ,2004,12.42
V0000,AR,CZ,2005,8.92
V0000,AR,CZ,2006,9.96
V0000,AR,CZ,2007,10.26
V0000,AR,CZ,2008,9.73
V0000,AR,CZ,2009,8.84
V0000,AR,CZ,2010,8.58
V0000,AR,CZ,2011,9.59
V0000,AR,CZ,2012,8.34
V0000,AR,CZ,2013,8.56
V0000,AR,CZ,2014,9.21
V0000,AR,CZ,2015,9.19
V0000,AR,CZ,2016,10.2
V0000,AR,CZ,2017,10.24
V0000,AR,CZ,2018,10.4
V0000,AR,CZ,2019,10.22
V0000,AR,CZ,2020,11.14
V0000,AR,CZ,2021,11.99
V0000,AR,CZ,2022,11.12
V0000,AR,CZ,2023,11.1
V0000,AR,DE,2000,97.1
V0000,AR,DE,2001,95.5
V0000,AR,DE,2002,98.0
V0000,AR,DE,2003,103.7
V0000,AR,DE,2004,108.6
V0000,AR,DE,2005,106.2
V0000,AR,DE,2006,109.02
V0000,AR,DE,2007,109.66
V0000,AR,DE,2008,114.41
V0000,AR,DE,2009,112.87
V0000,AR,DE,2010,107.82
V0000,AR,DE,2011,108.61
V0000,AR,DE,2012,111.46
V0000,AR,DE,2013,109.06
V0000,AR,DE,2014,111.26
V0000,AR,DE,2015,110.9
V0000,AR,DE,2016,117.39
V0000,AR,DE,2017,124.96
V0000,AR,DE,2018,122.69
V0000,AR,DE,2019,123.86
V0000,AR,DE,2020,123.04
V0000,AR,DE,2021,128.47
V0000,AR,DE,2022,122.68
V0000,AR,DE,2023,119.33
V0000,AR,DK,2000,9.9
V0000,AR,DK,2001,9.5
V0000,AR,DK,2002,9.2
V0000,AR,DK,2003,10.0
V0000,AR,DK,2004,9.8
V0000,AR,DK,2005,9.6
V0000,AR,DK,2006,9.8
V0000,AR,DK,2007,0.0
V0000,AR,DK,2008,0.0
V0000,AR,DK,2009,0.0
V0000,AR,DK,2010,10.43
V0000,AR,DK,2011,11.17
V0000,AR,DK,2012,10.78
V0000,AR,DK,2013,10.91
V0000,AR,DK,2014,10.75
V0000,AR,DK,2015,10.44
V0000,AR,DK,2016,10.68
V0000,AR,DK,2017,11.32
V0000,AR,DK,2018,11.67
V0000,AR,DK,2019,12.22
V0000,AR,DK,2020,11.95
V0000,AR,DK,2021,12.9
V0000,AR,DK,2022,11.66
V0000,AR,DK,2023,9.54
V0000,AR,EE,2000,3.9
V0000,AR,EE,2001,1.7
V0000,AR,EE,2002,1.4
V0000,AR,EE,2003,1.9
V0000,AR,EE,2004,1.6
V0000,AR,EE,2005,1.4
V0000,AR,EE,2006,1.5
V0000,AR,EE,2007,1.6
V0000,AR,EE,2008,1.2
V0000,AR,EE,2009,1.5
V0000,AR,EE,2010,1.6
V0000,AR,EE,2011,1.8
V0000,AR,EE,2012,1.8
V0000,AR,EE,2013,1.7
V0000,AR,EE,2014,2.3
V0000,AR,EE,2015,2.1
V0000,AR,EE,2016,2.04
V0000,AR,EE,2017,2.35
V0000,AR,EE,2018,2.09
V0000,AR,EE,2019,2.06
V0000,AR,EE,2020,2.05
V0000,AR,EE,2021,1.62
V0000,AR,EE,2022,1.45
V0000,AR,EE,2023,1.37
V0000,AR,EL,2000,140.0
V0000,AR,EL,2001,133.06
V0000,AR,EL,2002,132.91
V0000,AR,EL,2003,131.98
V0000,AR,EL,2004,133.3
V0000,AR,EL,2005,126.22
V0000,AR,EL,2006,118.59
V0000,AR,EL,2007,115.59
V0000,AR,EL,2008,113.03
V0000,AR,EL,2009,106.22
V0000,AR,EL,2010,103.33
V0000,AR,EL,2011,98.45
V0000,AR,EL,2012,92.01
V0000,AR,EL,2013,95.19
V0000,AR,EL,2014,97.59
V0000,AR,EL,2015,82.0
V0000,AR,EL,2016,81.69
V0000,AR,EL,2017,82.7
V0000,AR,EL,2018,78.66
V0000,AR,EL,2019,69.52
V0000,AR,EL,2020,73.26
V0000,AR,EL,2021,77.04
V0000,AR,EL,2022,58.28
V0000,AR,EL,2023,73.98
V0000,AR,ES,2000,400.3
V0000,AR,ES,2001,390.3
V0000,AR,ES,2002,402.0
V0000,AR,ES,2003,391.0
V0000,AR,ES,2004,400.5
V0000,AR,ES,2005,401.3
V0000,AR,ES,2006,358.74
V0000,AR,ES,2007,345.44
V0000,AR,ES,2008,337.6
V0000,AR,ES,2009,254.8
V0000,AR,ES,2010,326.96
V0000,AR,ES,2011,316.01
V0000,AR,ES,2012,318.22
V0000,AR,ES,2013,318.51
V0000,AR,ES,2014,355.81
V0000,AR,ES,2015,354.68
V0000,AR,ES,2016,373.77
V0000,AR,ES,2017,380.08
V0000,AR,ES,2018,372.88
V0000,AR,ES,2019,380.22
V0000,AR,ES,2020,380.98
V0000,AR,ES,2021,396.57
V0000,AR,ES,2022,366.9
V0000,AR,ES,2023,364.71
V0000,AR,EU,2014,2069.41
V0000,AR,EU,2015,2074.06
V0000,AR,EU,2016,2167.53
V0000,AR,EU,2017,2148.61
V0000,AR,EU,2018,2126.43
V0000,AR,EU,2019,2143.23
V0000,AR,EU,2020,2004.18
V0000,AR,EU,2021,2051.3
V0000,AR,EU,2022,1891.21
V0000,AR,EU,2023,1900.51
V0000,AR,EU27_2020,2011,1981.77
V0000,AR,EU27_2020,2012,1951.44
V0000,AR,EU27_2020,2013,1791.58
V0000,AR,EU27_2020,2014,1954.41
V0000,AR,EU27_2020,2015,1960.92
V0000,AR,EU27_2020,2016,2058.43
V0000,AR,EU27_2020,2017,2034.21
V0000,AR,EU27_2020,2018,2013.75
V0000,AR,EU27_2020,2019,2029.16
V0000,AR,EU27_2020,2020,2004.18
V0000,AR,EU27_2020,2021,2051.3
V0000,AR,EU27_2020,2022,1891.21
V0000,AR,EU27_2020,2023,1900.51
V0000,AR,EU28,2014,2069.41
V0000,AR,EU28,2015,2074.06
V0000,AR,EU28,2016,2167.53
V0000,AR,EU28,2017,2148.61
V0000,AR,EU28,2018,2126.43
V0000,AR,EU28,2019,2143.23
V0000,AR,FI,2000,9.5
V0000,AR,FI,2001,9.1
V0000,AR,FI,2002,9.2
V0000,AR,FI,2003,9.3
V0000,AR,FI,2004,8.8
V0000,AR,FI,2006,8.6
V0000,AR,FI,2007,8.85
V0000,AR,FI,2008,8.44
V0000,AR,FI,2009,8.54
V0000,AR,FI,2010,8.89
V0000,AR,FI,2011,11.37
V0000,AR,FI,2012,14.08
V0000,AR,FI,2013,13.72
V0000,AR,FI,2014,15.13
V0000,AR,FI,2015,10.23
V0000,AR,FI,2016,11.24
V0000,AR,FI,2017,12.28
V0000,AR,FI,2018,12.24
V0000,AR,FI,2019,12.12
V0000,AR,FI,2020,12.29
V0000,AR,FI,2021,11.95
V0000,AR,FI,2022,11.02
V0000,AR,FI,2023,10.49
V0000,AR,FR,2000,293.6
V0000,AR,FR,2001,295.5
V0000,AR,FR,2002,294.4
V0000,AR,FR,2003,291.7
V0000,AR,FR,2004,280.0
V0000,AR,FR,2005,268.2
V0000,AR,FR,2006,257.8
V0000,AR,FR,2007,251.4
V0000,AR,FR,2008,247.5
V0000,AR,FR,2010,245.5
V0000,AR,FR,2011,243.5
V0000,AR,FR,2012,243.19
V0000,AR,FR,2013,186.53
V0000,AR,FR,2014,243.11
V0000,AR,FR,2015,235.53
V0000,AR,FR,2016,249.5
V0000,AR,FR,2017,259.14
V0000,AR,FR,2018,257.82
V0000,AR,FR,2019,256.18
V0000,AR,FR,2020,277.36
V0000,AR,FR,2021,288.32
V0000,AR,FR,2022,274.63
V0000,AR,FR,2023,264.25
V0000,AR,HR,2000,6.99
V0000,AR,HR,2001,7.32
V0000,AR,HR,2002,7.41
V0000,AR,HR,2003,7.95
V0000,AR,HR,2004,7.24
V0000,AR,HR,2005,9.13
V0000,AR,HR,2006,10.14
V0000,AR,HR,2007,12.4
V0000,AR,HR,2008,12.94
V0000,AR,HR,2009,12.95
V0000,AR,HR,2010,7.94
V0000,AR,HR,2011,9.13
V0000,AR,HR,2012,6.83
V0000,AR,HR,2013,8.11
V0000,AR,HR,2014,6.03
V0000,AR,HR,2015,8.55
V0000,AR,HR,2016,9.62
V0000,AR,HR,2017,9.42
V0000,AR,HR,2018,9.77
V0000,AR,HR,2019,8.71
V0000,AR,HR,2020,8.44
V0000,AR,HR,2021,8.4
V0000,AR,HR,2022,7.88
V0000,AR,HR,2023,7.83
V0000,AR,HU,2000,90.7
V0000,AR,HU,2001,101.5
V0000,AR,HU,2002,114.9
V0000,AR,HU,2003,116.8
V0000,AR,HU,2004,103.0
V0000,AR,HU,2005,84.8
V0000,AR,HU,2006,91.2
V0000,AR,HU,2007,90.48
V0000,AR,HU,2008,88.52
V0000,AR,HU,2009,83.09
V0000,AR,HU,2010,68.36
V0000,AR,HU,2011,76.06
V0000,AR,HU,2012,77.54
V0000,AR,HU,2013,76.38
V0000,AR,HU,2014,79.88
V0000,AR,HU,2015,84.48
V0000,AR,HU,2016,92.53
V0000,AR,HU,2017,94.11
V0000,AR,HU,2018,91.01
V0000,AR,HU,2019,89.31
V0000,AR,HU,2020,83.22
V0000,AR,HU,2021,80.96
V0000,AR,HU,2022,76.91
V0000,AR,HU,2023,77.95
V0000,AR,IE,2000,4.69
V0000,AR,IE,2001,4.67
V0000,AR,IE,2002,4.29
V0000,AR,IE,2003,4.34
V0000,AR,IE,2004,4.4
V0000,AR,IE,2005,4.39
V0000,AR,IE,2006,4.39
V0000,AR,IE,2007,4.39
V0000,AR,IE,2008,4.39
V0000,AR,IE,2009,4.37
V0000,AR,IE,2010,4.37
V0000,AR,IE,2011,4.36
V0000,AR,IE,2012,4.1
V0000,AR,IE,2013,4.1
V0000,AR,IE,2014,4.07
V0000,AR,IE,2015,4.07
V0000,AR,IE,2016,4.32
V0000,AR,IE,2017,4.28
V0000,AR,IE,2018,4.24
V0000,AR,IE,2019,4.32
V0000,AR,IE,2020,4.45
V0000,AR,IE,2021,4.54
V0000,AR,IE,2022,4.32
V0000,AR,IE,2023,4.46
V0000,AR,IS,2000,0.0
V0000,AR,IS,2001,0.0
V0000,AR,IS,2002,0.0
V0000,AR,IS,2003,0.0
V0000,AR,IS,2004,0.0
V0000,AR,IS,2005,0.0
V0000,AR,IS,2006,0.0
V0000,AR,IS,2007,0.0
V0000,AR,IS,2008,0.0
V0000,AR,IS,2009,0.0
V0000,AR,IS,2010,0.0
V0000,AR,IS,2011,0.1
V0000,AR,IS,2012,0.0
V0000,AR,IS,2013,0.0
V0000,AR,IS,2015,1.02
V0000,AR,IS,2016,0.35
V0000,AR,IS,2017,0.05
V0000,AR,IS,2018,0.15
V0000,AR,IS,2019,0.39
V0000,AR,IS,2020,0.51
V0000,AR,IS,2021,0.5
V0000,AR,IS,2022,0.13
V0000,AR,IS,2023,0.12
V0000,AR,IT,2000,552.6
V0000,AR,IT,2001,480.2
V0000,AR,IT,2002,480.1
V0000,AR,IT,2003,489.4
V0000,AR,IT,2004,499.8
V0000,AR,IT,2005,494.7
V0000,AR,IT,2006,477.6
V0000,AR,IT,2007,497.0
V0000,AR,IT,2008,456.2
V0000,AR,IT,2009,384.4
V0000,AR,IT,2010,487.6
V0000,AR,IT,2011,412.09
V0000,AR,IT,2012,403.77
V0000,AR,IT,2013,349.31
V0000,AR,IT,2014,426.63
V0000,AR,IT,2015,422.9
V0000,AR,IT,2016,430.0
V0000,AR,IT,2017,418.38
V0000,AR,IT,2018,418.12
V0000,AR,IT,2019,420.86
V0000,AR,IT,2020,413.74
V0000,AR,IT,2021,413.86
V0000,AR,IT,2022,385.56
V0000,AR,IT,2023,402.05
V0000,AR,LT,2000,22.18
V0000,AR,LT,2001,21.36
V0000,AR,LT,2002,20.94
V0000,AR,LT,2003,24.77
V0000,AR,LT,2004,18.17
V0000,AR,LT,2005,19.02
V0000,AR,LT,2006,15.03
V0000,AR,LT,2007,14.07
V0000,AR,LT,2008,13.33
V0000,AR,LT,2009,13.16
V0000,AR,LT,2010,12.75
V0000,AR,LT,2011,13.28
V0000,AR,LT,2012,11.57
V0000,AR,LT,2013,11.72
V0000,AR,LT,2014,11.06
V0000,AR,LT,2015,9.95
V0000,AR,LT,2016,10.98
V0000,AR,LT,2017,10.13
V0000,AR,LT,2018,11.04
V0000,AR,LT,2019,11.64
V0000,AR,LT,2020,12.07
V0000,AR,LT,2021,11.94
V0000,AR,LT,2022,12.49
V0000,AR,LT,2023,12.58
V0000,AR,LU,2000,0.1
V0000,AR,LU,2001,0.1
V0000,AR,LU,2002,0.1
V0000,AR,LU,2003,0.1
V0000,AR,LU,2004,0.1
V0000,AR,LU,2005,0.1
V0000,AR,LU,2006,0.03
V0000,AR,LU,2007,0.03
V0000,AR,LU,2008,0.03
V0000,AR,LU,2009,0.03
V0000,AR,LU,2010,0.0
V0000,AR,LU,2011,0.04
V0000,AR,LU,2012,0.04
V0000,AR,LU,2013,0.06
V0000,AR,LU,2014,0.07
V0000,AR,LU,2015,0.07
V0000,AR,LU,2016,0.11
V0000,AR,LU,2017,0.13
V0000,AR,LU,2018,0.15
V0000,AR,LU,2019,0.16
V0000,AR,LU,2020,0.17
V0000,AR,LU,2021,0.2
V0000,AR,LU,2022,0.28
V0000,AR,LU,2023,0.32
V0000,AR,LV,2000,9.7
V0000,AR,LV,2001,13.2
V0000,AR,LV,2002,12.5
V0000,AR,LV,2003,14.5
V0000,AR,LV,2004,14.3
V0000,AR,LV,2005,12.9
V0000,AR,LV,2006,13.4
V0000,AR,LV,2007,11.2
V0000,AR,LV,2008,9.5
V0000,AR,LV,2009,8.3
V0000,AR,LV,2010,3.8
V0000,AR,LV,2011,3.9
V0000,AR,LV,2012,3.0
V0000,AR,LV,2013,3.6
V0000,AR,LV,2014,2.8
V0000,AR,LV,2015,2.8
V0000,AR,LV,2016,2.7
V0000,AR,LV,2017,2.4
V0000,AR,LV,2018,2.8
V0000,AR,LV,2019,3.28
V0000,AR,LV,2020,3.7
V0000,AR,LV,2021,3.0
V0000,AR,LV,2022,3.26
V0000,AR,LV,2023,3.42
V0000,AR,ME,2007,0.87
V0000,AR,ME,2008,1.24
V0000,AR,ME,2009,0.89
V0000,AR,ME,2010,0.9
V0000,AR,ME,2011,0.87
V0000,AR,ME,2012,0.87
V0000,AR,ME,2013,0.94
V0000,AR,ME,2014,1.06
V0000,AR,ME,2015,1.2
V0000,AR,ME,2016,1.24
V0000,AR,ME,2017,1.25
V0000,AR,ME,2018,1.31
V0000,AR,ME,2019,1.32
V0000,AR,ME,2020,1.27
V0000,AR,ME,2021,1.27
V0000,AR,ME,2022,1.29
V0000,AR,MK,2000,47.7
V0000,AR,MK,2001,46.3
V0000,AR,MK,2005,32.96
V0000,AR,MK,2006,32.59
V0000,AR,MK,2007,32.72
V0000,AR,MK,2008,31.83
V0000,AR,MK,2009,33.89
V0000,AR,MK,2010,34.38
V0000,AR,MK,2011,33.96
V0000,AR,MK,2012,34.38
V0000,AR,MK,2013,35.02
V0000,AR,MK,2014,36.35
V0000,AR,MK,2015,36.24
V0000,AR,MK,2016,35.69
V0000,AR,MK,2017,35.86
V0000,AR,MK,2018,36.19
V0000,AR,MK,2019,36.17
V0000,AR,MK,2020,35.89
V0000,AR,MK,2021,36.37
V0000,AR,MK,2022,35.91
V0000,AR,MK,2023,35.03
V0000,AR,MT,2000,0.0
V0000,AR,MT,2001,0.0
V0000,AR,MT,2002,0.0
V0000,AR,MT,2003,0.0
V0000,AR,MT,2004,0.0
V0000,AR,MT,2005,0.0
V0000,AR,MT,2006,0.0
V0000,AR,MT,2007,0.0
V0000,AR,MT,2008,0.0
V0000,AR,MT,2009,0.0
V0000,AR,MT,2010,0.0
V0000,AR,MT,2011,0.0
V0000,AR,MT,2012,0.0
V0000,AR,MT,2013,0.0
V0000,AR,MT,2014,0.0
V0000,AR,MT,2015,1.99
V0000,AR,MT,2016,1.99
V0000,AR,MT,2017,0.0
V0000,AR,MT,2018,0.0
V0000,AR,MT,2019,0.0
V0000,AR,MT,2020,0.0
V0000,AR,MT,2021,0.0
V0000,AR,MT,2022,0.0
V0000,AR,MT,2023,0.0
V0000,AR,MT,2024,0.0
V0000,AR,NL,2000,80.1
V0000,AR,NL,2001,79.3
V0000,AR,NL,2002,81.4
V0000,AR,NL,2003,84.8
V0000,AR,NL,2004,86.0
V0000,AR,NL,2005,80.2
V0000,AR,NL,2006,84.22
V0000,AR,NL,2007,87.25
V0000,AR,NL,2008,90.15
V0000,AR,NL,2009,88.09
V0000,AR,NL,2010,89.57
V0000,AR,NL,2011,74.71
V0000,AR,NL,2012,72.43
V0000,AR,NL,2013,73.87
V0000,AR,NL,2014,75.31
V0000,AR,NL,2015,86.8
V0000,AR,NL,2016,87.94
V0000,AR,NL,2017,92.5
V0000,AR,NL,2018,92.18
V0000,AR,NL,2019,97.4
V0000,AR,NL,2020,96.53
V0000,AR,NL,2021,104.02
V0000,AR,NL,2022,92.84
V0000,AR,NL,2023,91.23
V0000,AR,NO,2010,8.15
V0000,AR,NO,2011,8.37
V0000,AR,NO,2012,8.67
V0000,AR,NO,2013,8.18
V0000,AR,NO,2014,8.59
V0000,AR,PL,2000,251.8
V0000,AR,PL,2001,242.0
V0000,AR,PL,2002,173.2
V0000,AR,PL,2003,199.8
V0000,AR,PL,2005,167.1
V0000,AR,PL,2006,199.8
V0000,AR,PL,2007,186.95
V0000,AR,PL,2008,170.29
V0000,AR,PL,2009,180.64
V0000,AR,PL,2010,199.5
V0000,AR,PL,2011,238.4
V0000,AR,PL,2012,235.3
V0000,AR,PL,2013,187.8
V0000,AR,PL,2014,184.4
V0000,AR,PL,2015,188.8
V0000,AR,PL,2016,217.44
V0000,AR,PL,2017,191.98
V0000,AR,PL,2018,190.39
V0000,AR,PL,2019,190.1
V0000,AR,PL,2020,175.8
V0000,AR,PL,2021,172.9
V0000,AR,PL,2022,160.0
V0000,AR,PL,2023,156.2
V0000,AR,PT,2011,45.65
V0000,AR,PT,2012,46.79
V0000,AR,PT,2013,48.45
V0000,AR,PT,2014,53.3
V0000,AR,PT,2015,51.19
V0000,AR,PT,2016,52.43
V0000,AR,PT,2017,53.88
V0000,AR,PT,2018,47.8
V0000,AR,PT,2019,50.48
V0000,AR,PT,2020,59.25
V0000,AR,PT,2021,63.88
V0000,AR,PT,2022,56.11
V0000,AR,PT,2023,54.57
V0000,AR,RO,2000,169.8
V0000,AR,RO,2001,161.45
V0000,AR,RO,2002,172.99
V0000,AR,RO,2003,178.49
V0000,AR,RO,2004,166.4
V0000,AR,RO,2005,172.34
V0000,AR,RO,2006,196.34
V0000,AR,RO,2007,164.74
V0000,AR,RO,2008,178.36
V0000,AR,RO,2009,176.34
V0000,AR,RO,2010,169.96
V0000,AR,RO,2011,174.14
V0000,AR,RO,2012,170.66
V0000,AR,RO,2013,166.06
V0000,AR,RO,2014,149.76
V0000,AR,RO,2015,150.57
V0000,AR,RO,2016,141.5
V0000,AR,RO,2017,138.56
V0000,AR,RO,2018,140.35
V0000,AR,RO,2019,143.31
V0000,AR,RO,2020,113.02
V0000,AR,RO,2021,113.15
V0000,AR,RO,2022,97.51
V0000,AR,RO,2023,100.67
V0000,AR,RS,2007,70.6
V0000,AR,RS,2008,69.39
V0000,AR,RS,2009,68.83
V0000,AR,RS,2010,68.87
V0000,AR,RS,2011,67.95
V0000,AR,RS,2012,66.84
V0000,AR,RS,2013,63.26
V0000,AR,RS,2014,63.09
V0000,AR,RS,2015,68.65
V0000,AR,RS,2016,69.22
V0000,AR,RS,2017,72.72
V0000,AR,RS,2018,55.95
V0000,AR,RS,2019,53.2
V0000,AR,RS,2020,53.3
V0000,AR,RS,2021,52.88
V0000,AR,RS,2022,52.9
V0000,AR,RS,2023,52.35
V0000,AR,SE,2000,14.71
V0000,AR,SE,2001,14.96
V0000,AR,SE,2002,15.49
V0000,AR,SE,2003,15.31
V0000,AR,SE,2004,16.31
V0000,AR,SE,2005,15.79
V0000,AR,SE,2006,15.92
V0000,AR,SE,2007,15.79
V0000,AR,SE,2008,14.33
V0000,AR,SE,2009,16.09
V0000,AR,SE,2010,16.19
V0000,AR,SE,2011,15.93
V0000,AR,SE,2012,16.46
V0000,AR,SE,2013,17.13
V0000,AR,SE,2014,18.25
V0000,AR,SE,2015,18.25
V0000,AR,SE,2016,17.7
V0000,AR,SE,2017,10.79
V0000,AR,SE,2018,11.85
V0000,AR,SE,2019,13.09
V0000,AR,SE,2020,14.7
V0000,AR,SE,2021,15.48
V0000,AR,SE,2022,16.03
V0000,AR,SE,2023,16.05
V0000,AR,SI,2000,2.5
V0000,AR,SI,2001,2.7
V0000,AR,SI,2002,2.5
V0000,AR,SI,2003,3.1
V0000,AR,SI,2004,2.9
V0000,AR,SI,2005,3.6
V0000,AR,SI,2006,4.1
V0000,AR,SI,2007,3.55
V0000,AR,SI,2008,4.29
V0000,AR,SI,2009,4.28
V0000,AR,SI,2010,2.91
V0000,AR,SI,2011,4.05
V0000,AR,SI,2012,4.45
V0000,AR,SI,2013,4.93
V0000,AR,SI,2014,5.14
V0000,AR,SI,2015,5.0
V0000,AR,SI,2016,5.52
V0000,AR,SI,2017,5.43
V0000,AR,SI,2018,5.25
V0000,AR,SI,2019,6.43
V0000,AR,SI,2020,6.98
V0000,AR,SI,2021,6.22
V0000,AR,SI,2022,6.09
V0000,AR,SI,2023,4.27
V0000,AR,SK,2001,12.6
V0000,AR,SK,2002,14.4
V0000,AR,SK,2003,14.0
V0000,AR,SK,2004,11.8
V0000,AR,SK,2005,9.5
V0000,AR,SK,2006,8.79
V0000,AR,SK,2007,7.97
V0000,AR,SK,2008,7.48
V0000,AR,SK,2009,7.55
V0000,AR,SK,2010,9.85
V0000,AR,SK,2011,9.64
V0000,AR,SK,2012,8.21
V0000,AR,SK,2013,7.84
V0000,AR,SK,2014,7.11
V0000,AR,SK,2015,7.88
V0000,AR,SK,2016,8.45
V0000,AR,SK,2017,6.24
V0000,AR,SK,2018,5.97
V0000,AR,SK,2019,7.0
V0000,AR,SK,2020,6.58
V0000,AR,SK,2021,7.8
V0000,AR,SK,2022,8.09
V0000,AR,SK,2023,8.72
V0000,AR,TR,2001,935.0
V0000,AR,TR,2002,946.0
V0000,AR,TR,2003,945.9
V0000,AR,TR,2004,922.2
V0000,AR,TR,2005,920.2
V0000,AR,TR,2006,886.0
V0000,AR,TR,2007,856.0
V0000,AR,TR,2008,870.0
V0000,AR,TR,2011,1083.0
V0000,AR,TR,2012,886.0
V0000,AR,TR,2013,870.0
V0000,AR,TR,2014,8484.0
V0000,AR,TR,2015,849.0
V0000,AR,TR,2016,847.0
V0000,AR,TR,2017,840.0
V0000,AR,TR,2018,821.0
V0000,AR,TR,2019,826.0
V0000,AR,TR,2020,822.0
V0000,AR,TR,2021,815.0
V0000,AR,TR,2022,777.0
V0000,AR,TR,2023,772.0
V0000,AR,UK,2000,120.7
V0000,AR,UK,2001,116.3
V0000,AR,UK,2002,121.8
V0000,AR,UK,2003,119.2
V0000,AR,UK,2004,106.5
V0000,AR,UK,2005,111.7
V0000,AR,UK,2006,111.8
V0000,AR,UK,2007,109.6
V0000,AR,UK,2014,115.0
V0000,AR,UK,2015,113.14
V0000,AR,UK,2016,109.1
V0000,AR,UK,2017,114.4
V0000,AR,UK,2018,112.68
V0000,AR,UK,2019,114.07
V0000,AR,XK,2007,5.6
V0000,AR,XK,2008,6.0
V0000,AR,XK,2009,6.0
V0000,AR,XK,2010,6.3
V0000,AR,XK,2011,6.5
V0000,AR,XK,2012,6.3
V0000,AR,XK,2013,7.2
V0000,AR,XK,2014,6.1
V0000,AR,XK,2015,6.1
V0000,AR,XK,2016,6.8
V0000,AR,XK,2017,7.0
V0000,AR,XK,2018,8.3
V0000,AR,XK,2019,8.9
V0000,AR,XK,2020,9.04
V0000,AR,XK,2021,9.11
V0000,AR,XK,2022,9.24
V0000,AR,XK,2023,9.24
